xyzDMxyzCountry,xyzDMxyzYearRange,xyzDMxyzInterpolation,xyzDCxyzWelfareType,xyzDCxyzDistribution,xyzDPxyzSI_SPR_PCAP_ZG,xyzDCxyzPPPYear
ALB,2008-2012,FALSE,CONS,b40,-1.2296544,2017
ALB,2008-2012,FALSE,CONS,tot,-1.3234334,2017
ALB,2008-2012,FALSE,CONS,m50,-.47905882,2017
ALB,2008-2012,FALSE,CONS,premium,.09377901,2017
ALB,2014-2017,FALSE,CONS,b40,8.8092525,2017
ALB,2014-2017,FALSE,CONS,tot,6.9646147,2017
ALB,2014-2017,FALSE,CONS,m50,7.0893442,2017
ALB,2014-2017,FALSE,CONS,premium,1.8446378,2017
ARE,2013-2018,FALSE,INC,b40,7.0773595,2017
ARE,2013-2018,FALSE,INC,tot,1.8442534,2017
ARE,2013-2018,FALSE,INC,m50,2.2464901,2017
ARE,2013-2018,FALSE,INC,premium,5.2331062,2017
ARG,2006-2011,FALSE,INC,b40,6.4397821,2017
ARG,2006-2011,FALSE,INC,tot,3.6700779,2017
ARG,2006-2011,FALSE,INC,m50,4.7651707,2017
ARG,2006-2011,FALSE,INC,premium,2.7697042,2017
ARG,2007-2012,FALSE,INC,b40,6.1386975,2017
ARG,2007-2012,FALSE,INC,tot,2.8426168,2017
ARG,2007-2012,FALSE,INC,m50,4.4008725,2017
ARG,2007-2012,FALSE,INC,premium,3.2960807,2017
ARG,2009-2014,FALSE,INC,b40,1.9319046,2017
ARG,2009-2014,FALSE,INC,tot,.41147751,2017
ARG,2009-2014,FALSE,INC,m50,.6319766,2017
ARG,2009-2014,FALSE,INC,premium,1.5204271,2017
ARG,2011-2016,FALSE,INC,b40,-.19495026,2017
ARG,2011-2016,FALSE,INC,tot,-.55547323,2017
ARG,2011-2016,FALSE,INC,m50,-.27761008,2017
ARG,2011-2016,FALSE,INC,premium,.36052298,2017
ARG,2012-2017,FALSE,INC,b40,.81980612,2017
ARG,2012-2017,FALSE,INC,tot,.60863689,2017
ARG,2012-2017,FALSE,INC,m50,.63679836,2017
ARG,2012-2017,FALSE,INC,premium,.21116923,2017
ARG,2013-2018,FALSE,INC,b40,-1.5317445,2017
ARG,2013-2018,FALSE,INC,tot,-1.4256348,2017
ARG,2013-2018,FALSE,INC,m50,-1.5439624,2017
ARG,2013-2018,FALSE,INC,premium,-.10610972,2017
ARG,2014-2019,FALSE,INC,b40,-1.4324662,2017
ARG,2014-2019,FALSE,INC,tot,-.64047709,2017
ARG,2014-2019,FALSE,INC,m50,-.83046029,2017
ARG,2014-2019,FALSE,INC,premium,-.7919891,2017
ARG,2016-2020,FALSE,INC,b40,-5.6586959,2017
ARG,2016-2020,FALSE,INC,tot,-5.0832867,2017
ARG,2016-2020,FALSE,INC,m50,-5.0961419,2017
ARG,2016-2020,FALSE,INC,premium,-.57540921,2017
ARM,2006-2011,FALSE,CONS,b40,1.2221086,2017
ARM,2006-2011,FALSE,CONS,tot,1.0694836,2017
ARM,2006-2011,FALSE,CONS,m50,1.1518344,2017
ARM,2006-2011,FALSE,CONS,premium,.15262496,2017
ARM,2008-2013,FALSE,CONS,b40,-.70925551,2017
ARM,2008-2013,FALSE,CONS,tot,-.08644343,2017
ARM,2008-2013,FALSE,CONS,m50,-.18661703,2017
ARM,2008-2013,FALSE,CONS,premium,-.62281208,2017
ARM,2009-2014,FALSE,CONS,b40,1.1794336,2017
ARM,2009-2014,FALSE,CONS,tot,2.8167725,2017
ARM,2009-2014,FALSE,CONS,m50,2.4798155,2017
ARM,2009-2014,FALSE,CONS,premium,-1.6373389,2017
ARM,2010-2015,FALSE,CONS,b40,2.5118277,2017
ARM,2010-2015,FALSE,CONS,tot,3.8254678,2017
ARM,2010-2015,FALSE,CONS,m50,3.7196545,2017
ARM,2010-2015,FALSE,CONS,premium,-1.3136402,2017
ARM,2011-2016,FALSE,CONS,b40,2.2384001,2017
ARM,2011-2016,FALSE,CONS,tot,4.4666096,2017
ARM,2011-2016,FALSE,CONS,m50,4.5212599,2017
ARM,2011-2016,FALSE,CONS,premium,-2.2282094,2017
ARM,2012-2017,FALSE,CONS,b40,1.795042,2017
ARM,2012-2017,FALSE,CONS,tot,3.1637762,2017
ARM,2012-2017,FALSE,CONS,m50,1.8067129,2017
ARM,2012-2017,FALSE,CONS,premium,-1.3687342,2017
ARM,2013-2018,FALSE,CONS,b40,1.2627773,2017
ARM,2013-2018,FALSE,CONS,tot,2.3997832,2017
ARM,2013-2018,FALSE,CONS,m50,1.004839,2017
ARM,2013-2018,FALSE,CONS,premium,-1.1370059,2017
AUT,2007-2012,FALSE,INC,b40,.37115021,2017
AUT,2007-2012,FALSE,INC,tot,.38964954,2017
AUT,2007-2012,FALSE,INC,m50,.6250976,2017
AUT,2007-2012,FALSE,INC,premium,-.01849933,2017
AUT,2009-2014,FALSE,INC,b40,.47383691,2017
AUT,2009-2014,FALSE,INC,tot,.00598827,2017
AUT,2009-2014,FALSE,INC,m50,.17672346,2017
AUT,2009-2014,FALSE,INC,premium,.46784864,2017
AUT,2010-2015,FALSE,INC,b40,-.46996175,2017
AUT,2010-2015,FALSE,INC,tot,-.27935039,2017
AUT,2010-2015,FALSE,INC,m50,.00685275,2017
AUT,2010-2015,FALSE,INC,premium,-.19061136,2017
AUT,2012-2017,FALSE,INC,b40,1.4405707,2017
AUT,2012-2017,FALSE,INC,tot,1.1961656,2017
AUT,2012-2017,FALSE,INC,m50,1.5921511,2017
AUT,2012-2017,FALSE,INC,premium,.24440513,2017
AUT,2013-2018,FALSE,INC,b40,.14033235,2017
AUT,2013-2018,FALSE,INC,tot,.43867924,2017
AUT,2013-2018,FALSE,INC,m50,.74324906,2017
AUT,2013-2018,FALSE,INC,premium,-.29834689,2017
AUT,2014-2019,FALSE,INC,b40,1.1038955,2017
AUT,2014-2019,FALSE,INC,tot,1.1446927,2017
AUT,2014-2019,FALSE,INC,m50,1.1420623,2017
AUT,2014-2019,FALSE,INC,premium,-.0407972,2017
AUT,2015-2020,FALSE,INC,b40,1.1038955,2017
AUT,2015-2020,FALSE,INC,tot,1.1446927,2017
AUT,2015-2020,FALSE,INC,m50,1.1420623,2017
AUT,2015-2020,FALSE,INC,premium,-.0407972,2017
BEL,2007-2012,FALSE,INC,b40,1.1352021,2017
BEL,2007-2012,FALSE,INC,tot,.43995944,2017
BEL,2007-2012,FALSE,INC,m50,1.0859534,2017
BEL,2007-2012,FALSE,INC,premium,.69524264,2017
BEL,2009-2014,FALSE,INC,b40,.13453178,2017
BEL,2009-2014,FALSE,INC,tot,.09766789,2017
BEL,2009-2014,FALSE,INC,m50,.4465544,2017
BEL,2009-2014,FALSE,INC,premium,.0368639,2017
BEL,2010-2015,FALSE,INC,b40,.571677,2017
BEL,2010-2015,FALSE,INC,tot,.48210551,2017
BEL,2010-2015,FALSE,INC,m50,.92437824,2017
BEL,2010-2015,FALSE,INC,premium,.08957149,2017
BEL,2012-2017,FALSE,INC,b40,.44032475,2017
BEL,2012-2017,FALSE,INC,tot,.42204446,2017
BEL,2012-2017,FALSE,INC,m50,.45435575,2017
BEL,2012-2017,FALSE,INC,premium,.01828029,2017
BEL,2013-2018,FALSE,INC,b40,1.4083985,2017
BEL,2013-2018,FALSE,INC,tot,.92993488,2017
BEL,2013-2018,FALSE,INC,m50,.93572341,2017
BEL,2013-2018,FALSE,INC,premium,.4784636,2017
BEL,2014-2019,FALSE,INC,b40,2.1540658,2017
BEL,2014-2019,FALSE,INC,tot,1.4109837,2017
BEL,2014-2019,FALSE,INC,m50,1.430041,2017
BEL,2014-2019,FALSE,INC,premium,.74308217,2017
BEL,2015-2020,FALSE,INC,b40,2.1540658,2017
BEL,2015-2020,FALSE,INC,tot,1.4109837,2017
BEL,2015-2020,FALSE,INC,m50,1.430041,2017
BEL,2015-2020,FALSE,INC,premium,.74308217,2017
BEN,2011-2015,FALSE,CONS,b40,-5.1896813,2017
BEN,2011-2015,FALSE,CONS,tot,.07345956,2017
BEN,2011-2015,FALSE,CONS,m50,1.791316,2017
BEN,2011-2015,FALSE,CONS,premium,-5.2631409,2017
BFA,2009-2014,FALSE,CONS,b40,5.8398516,2017
BFA,2009-2014,FALSE,CONS,tot,2.9288968,2017
BFA,2009-2014,FALSE,CONS,m50,3.5828008,2017
BFA,2009-2014,FALSE,CONS,premium,2.9109548,2017
BGD,2005-2010,FALSE,CONS,b40,1.730615,2017
BGD,2005-2010,FALSE,CONS,tot,1.3689221,2017
BGD,2005-2010,FALSE,CONS,m50,1.8498867,2017
BGD,2005-2010,FALSE,CONS,premium,.36169285,2017
BGD,2010-2016,FALSE,CONS,b40,1.3490359,2017
BGD,2010-2016,FALSE,CONS,tot,1.5391518,2017
BGD,2010-2016,FALSE,CONS,m50,1.6522131,2017
BGD,2010-2016,FALSE,CONS,premium,-.19011599,2017
BGR,2007-2011,FALSE,INC,b40,1.3952623,2017
BGR,2007-2011,FALSE,INC,tot,.45001434,2017
BGR,2007-2011,FALSE,INC,m50,1.7402519,2017
BGR,2007-2011,FALSE,INC,premium,.94524792,2017
BGR,2007-2012,FALSE,INC,b40,1.290482,2017
BGR,2007-2012,FALSE,INC,tot,1.3684376,2017
BGR,2007-2012,FALSE,INC,m50,1.7818379,2017
BGR,2007-2012,FALSE,INC,premium,-.07795557,2017
BGR,2009-2014,FALSE,INC,b40,.43496695,2017
BGR,2009-2014,FALSE,INC,tot,2.1126506,2017
BGR,2009-2014,FALSE,INC,m50,1.037219,2017
BGR,2009-2014,FALSE,INC,premium,-1.6776837,2017
BGR,2015-2018,FALSE,INC,b40,10.368506,2017
BGR,2015-2018,FALSE,INC,tot,11.304771,2017
BGR,2015-2018,FALSE,INC,m50,8.2425862,2017
BGR,2015-2018,FALSE,INC,premium,-.93626496,2017
BGR,2015-2019,FALSE,INC,b40,8.9539361,2017
BGR,2015-2019,FALSE,INC,tot,9.2491701,2017
BGR,2015-2019,FALSE,INC,m50,7.767667,2017
BGR,2015-2019,FALSE,INC,premium,-.29523407,2017
BGR,2016-2020,FALSE,INC,b40,8.9539361,2017
BGR,2016-2020,FALSE,INC,tot,9.2491701,2017
BGR,2016-2020,FALSE,INC,m50,7.767667,2017
BGR,2016-2020,FALSE,INC,premium,-.29523407,2017
BLR,2006-2011,FALSE,CONS,b40,7.5317628,2017
BLR,2006-2011,FALSE,CONS,tot,6.8664509,2017
BLR,2006-2011,FALSE,CONS,m50,7.0164216,2017
BLR,2006-2011,FALSE,CONS,premium,.66531187,2017
BLR,2009-2014,FALSE,CONS,b40,8.8692331,2017
BLR,2009-2014,FALSE,CONS,tot,8.4844702,2017
BLR,2009-2014,FALSE,CONS,m50,8.3191059,2017
BLR,2009-2014,FALSE,CONS,premium,.3847628,2017
BLR,2011-2016,FALSE,CONS,b40,3.4155116,2017
BLR,2011-2016,FALSE,CONS,tot,2.2721832,2017
BLR,2011-2016,FALSE,CONS,m50,2.3947709,2017
BLR,2011-2016,FALSE,CONS,premium,1.1433284,2017
BLR,2012-2017,FALSE,CONS,b40,1.0923414,2017
BLR,2012-2017,FALSE,CONS,tot,.5154788,2017
BLR,2012-2017,FALSE,CONS,m50,.55808836,2017
BLR,2012-2017,FALSE,CONS,premium,.57686265,2017
BLR,2013-2018,FALSE,CONS,b40,.70611296,2017
BLR,2013-2018,FALSE,CONS,tot,-.01510114,2017
BLR,2013-2018,FALSE,CONS,m50,-.01690569,2017
BLR,2013-2018,FALSE,CONS,premium,.7212141,2017
BLR,2014-2019,FALSE,CONS,b40,1.1126161,2017
BLR,2014-2019,FALSE,CONS,tot,.22544046,2017
BLR,2014-2019,FALSE,CONS,m50,.58784192,2017
BLR,2014-2019,FALSE,CONS,premium,.88717562,2017
BOL,2006-2011,FALSE,INC,b40,12.506835,2017
BOL,2006-2011,FALSE,INC,tot,3.9401681,2017
BOL,2006-2011,FALSE,INC,m50,9.2198988,2017
BOL,2006-2011,FALSE,INC,premium,8.5666665,2017
BOL,2007-2012,FALSE,INC,b40,9.8601585,2017
BOL,2007-2012,FALSE,INC,tot,4.5018466,2017
BOL,2007-2012,FALSE,INC,m50,8.8460858,2017
BOL,2007-2012,FALSE,INC,premium,5.358312,2017
BOL,2009-2014,FALSE,INC,b40,6.0233394,2017
BOL,2009-2014,FALSE,INC,tot,4.5012183,2017
BOL,2009-2014,FALSE,INC,m50,4.4856538,2017
BOL,2009-2014,FALSE,INC,premium,1.5221211,2017
BOL,2011-2016,FALSE,INC,b40,.93132011,2017
BOL,2011-2016,FALSE,INC,tot,.82465676,2017
BOL,2011-2016,FALSE,INC,m50,1.4277486,2017
BOL,2011-2016,FALSE,INC,premium,.10666335,2017
BOL,2012-2017,FALSE,INC,b40,1.9309442,2017
BOL,2012-2017,FALSE,INC,tot,.56795467,2017
BOL,2012-2017,FALSE,INC,m50,1.122773,2017
BOL,2012-2017,FALSE,INC,premium,1.3629895,2017
BOL,2013-2018,FALSE,INC,b40,1.4258186,2017
BOL,2013-2018,FALSE,INC,tot,-1.7211992,2017
BOL,2013-2018,FALSE,INC,m50,-.22448629,2017
BOL,2013-2018,FALSE,INC,premium,3.1470178,2017
BOL,2014-2019,FALSE,INC,b40,3.0851782,2017
BOL,2014-2019,FALSE,INC,tot,-.943867,2017
BOL,2014-2019,FALSE,INC,m50,.71603164,2017
BOL,2014-2019,FALSE,INC,premium,4.0290452,2017
BOL,2015-2020,FALSE,INC,b40,2.2468308,2017
BOL,2015-2020,FALSE,INC,tot,-.17542918,2017
BOL,2015-2020,FALSE,INC,m50,.05267466,2017
BOL,2015-2020,FALSE,INC,premium,2.42226,2017
BRA,2006-2011,FALSE,INC,b40,5.9931253,2017
BRA,2006-2011,FALSE,INC,tot,3.8667191,2017
BRA,2006-2011,FALSE,INC,m50,5.6784108,2017
BRA,2006-2011,FALSE,INC,premium,2.1264062,2017
BRA,2007-2012,FALSE,INC,b40,6.2660022,2017
BRA,2007-2012,FALSE,INC,tot,4.6313489,2017
BRA,2007-2012,FALSE,INC,m50,5.4250623,2017
BRA,2007-2012,FALSE,INC,premium,1.6346533,2017
BRA,2009-2014,FALSE,INC,b40,5.7983407,2017
BRA,2009-2014,FALSE,INC,tot,4.2107665,2017
BRA,2009-2014,FALSE,INC,m50,4.8709252,2017
BRA,2009-2014,FALSE,INC,premium,1.5875742,2017
BRA,2009-2015,FALSE,INC,b40,4.2528922,2017
BRA,2009-2015,FALSE,INC,tot,2.9741311,2017
BRA,2009-2015,FALSE,INC,m50,3.6032015,2017
BRA,2009-2015,FALSE,INC,premium,1.2787611,2017
BRA,2011-2015,FALSE,INC,b40,3.6661274,2017
BRA,2011-2015,FALSE,INC,tot,2.5857091,2017
BRA,2011-2015,FALSE,INC,m50,2.9432131,2017
BRA,2011-2015,FALSE,INC,premium,1.0804182,2017
BRA,2012-2015,FALSE,INC,b40,2.7977487,2017
BRA,2012-2015,FALSE,INC,tot,1.0711878,2017
BRA,2012-2015,FALSE,INC,m50,1.9865267,2017
BRA,2012-2015,FALSE,INC,premium,1.7265609,2017
BRA,2013-2018,FALSE,INC,b40,-.71639237,2017
BRA,2013-2018,FALSE,INC,tot,.46242469,2017
BRA,2013-2018,FALSE,INC,m50,.15973002,2017
BRA,2013-2018,FALSE,INC,premium,-1.1788171,2017
BRA,2014-2019,FALSE,INC,b40,-1.4042998,2017
BRA,2014-2019,FALSE,INC,tot,.13347297,2017
BRA,2014-2019,FALSE,INC,m50,.11114721,2017
BRA,2014-2019,FALSE,INC,premium,-1.5377727,2017
BTN,2007-2012,FALSE,CONS,b40,6.5285219,2017
BTN,2007-2012,FALSE,CONS,tot,6.4680448,2017
BTN,2007-2012,FALSE,CONS,m50,6.0270162,2017
BTN,2007-2012,FALSE,CONS,premium,.06047706,2017
BTN,2012-2017,FALSE,CONS,b40,1.6263235,2017
BTN,2012-2017,FALSE,CONS,tot,1.674412,2017
BTN,2012-2017,FALSE,CONS,m50,2.2663764,2017
BTN,2012-2017,FALSE,CONS,premium,-.04808846,2017
BWA,2002-2009,FALSE,CONS,b40,5.4547437,2017
BWA,2002-2009,FALSE,CONS,tot,2.1260062,2017
BWA,2002-2009,FALSE,CONS,m50,5.1574175,2017
BWA,2002-2009,FALSE,CONS,premium,3.3287375,2017
BWA,2009-2015,FALSE,CONS,b40,.41980269,2017
BWA,2009-2015,FALSE,CONS,tot,-3.302334,2017
BWA,2009-2015,FALSE,CONS,m50,-.94973717,2017
BWA,2009-2015,FALSE,CONS,premium,3.7221367,2017
CAN,2010-2013,FALSE,INC,b40,.32619554,2017
CAN,2010-2013,FALSE,INC,tot,1.1701494,2017
CAN,2010-2013,FALSE,INC,m50,1.6515344,2017
CAN,2010-2013,FALSE,INC,premium,-.84395391,2017
CAN,2012-2017,FALSE,INC,b40,1.4347313,2017
CAN,2012-2017,FALSE,INC,tot,1.1742556,2017
CAN,2012-2017,FALSE,INC,m50,1.0616405,2017
CAN,2012-2017,FALSE,INC,premium,.26047569,2017
CHE,2007-2012,FALSE,INC,b40,2.4358846,2017
CHE,2007-2012,FALSE,INC,tot,.94101169,2017
CHE,2007-2012,FALSE,INC,m50,1.372986,2017
CHE,2007-2012,FALSE,INC,premium,1.4948729,2017
CHE,2008-2013,FALSE,INC,b40,1.5336035,2017
CHE,2008-2013,FALSE,INC,tot,.67716898,2017
CHE,2008-2013,FALSE,INC,m50,.84643682,2017
CHE,2008-2013,FALSE,INC,premium,.85643452,2017
CHE,2009-2014,FALSE,INC,b40,1.2233682,2017
CHE,2009-2014,FALSE,INC,tot,.99385701,2017
CHE,2009-2014,FALSE,INC,m50,1.0593704,2017
CHE,2009-2014,FALSE,INC,premium,.22951122,2017
CHE,2010-2015,FALSE,INC,b40,.98105601,2017
CHE,2010-2015,FALSE,INC,tot,.84025218,2017
CHE,2010-2015,FALSE,INC,m50,.84462828,2017
CHE,2010-2015,FALSE,INC,premium,.14080384,2017
CHE,2012-2017,FALSE,INC,b40,-.25921772,2017
CHE,2012-2017,FALSE,INC,tot,.33524792,2017
CHE,2012-2017,FALSE,INC,m50,.30824193,2017
CHE,2012-2017,FALSE,INC,premium,-.59446564,2017
CHE,2013-2018,FALSE,INC,b40,-.33891847,2017
CHE,2013-2018,FALSE,INC,tot,.08395745,2017
CHE,2013-2018,FALSE,INC,m50,.2166732,2017
CHE,2013-2018,FALSE,INC,premium,-.42287591,2017
CHE,2014-2019,FALSE,INC,b40,-.33891847,2017
CHE,2014-2019,FALSE,INC,tot,.08395745,2017
CHE,2014-2019,FALSE,INC,m50,.2166732,2017
CHE,2014-2019,FALSE,INC,premium,-.42287591,2017
CHL,2006-2011,FALSE,INC,b40,4.0013134,2017
CHL,2006-2011,FALSE,INC,tot,2.947006,2017
CHL,2006-2011,FALSE,INC,m50,3.122216,2017
CHL,2006-2011,FALSE,INC,premium,1.0543074,2017
CHL,2009-2013,FALSE,INC,b40,7.835048,2017
CHL,2009-2013,FALSE,INC,tot,6.7822645,2017
CHL,2009-2013,FALSE,INC,m50,7.0871582,2017
CHL,2009-2013,FALSE,INC,premium,1.0527835,2017
CHL,2009-2015,FALSE,INC,b40,6.6683164,2017
CHL,2009-2015,FALSE,INC,tot,5.2699677,2017
CHL,2009-2015,FALSE,INC,m50,5.9769097,2017
CHL,2009-2015,FALSE,INC,premium,1.3983487,2017
CHL,2013-2017,FALSE,INC,b40,4.9219041,2017
CHL,2013-2017,FALSE,INC,tot,3.834129,2017
CHL,2013-2017,FALSE,INC,m50,4.6713051,2017
CHL,2013-2017,FALSE,INC,premium,1.0877751,2017
CHL,2015-2020,FALSE,INC,b40,1.9209954,2017
CHL,2015-2020,FALSE,INC,tot,2.5020062,2017
CHL,2015-2020,FALSE,INC,m50,2.2996405,2017
CHL,2015-2020,FALSE,INC,premium,-.5810108,2017
CHN,2013-2015,FALSE,CONS,b40,9.0461297,2017
CHN,2013-2015,FALSE,CONS,tot,7.3879967,2017
CHN,2013-2015,FALSE,CONS,m50,8.5127536,2017
CHN,2013-2015,FALSE,CONS,premium,1.658133,2017
CHN,2013-2016,FALSE,CONS,b40,8.3776312,2017
CHN,2013-2016,FALSE,CONS,tot,7.1214289,2017
CHN,2013-2016,FALSE,CONS,m50,7.8560555,2017
CHN,2013-2016,FALSE,CONS,premium,1.2562022,2017
CHN,2014-2019,FALSE,CONS,b40,7.1952102,2017
CHN,2014-2019,FALSE,CONS,tot,6.277578,2017
CHN,2014-2019,FALSE,CONS,m50,6.5890133,2017
CHN,2014-2019,FALSE,CONS,premium,.91763223,2017
CIV,2008-2015,FALSE,CONS,b40,.73862709,2017
CIV,2008-2015,FALSE,CONS,tot,-.22430223,2017
CIV,2008-2015,FALSE,CONS,m50,.04523201,2017
CIV,2008-2015,FALSE,CONS,premium,.96292932,2017
CMR,2007-2014,FALSE,CONS,b40,1.4113164,2017
CMR,2007-2014,FALSE,CONS,tot,3.8379639,2017
CMR,2007-2014,FALSE,CONS,m50,3.511801,2017
CMR,2007-2014,FALSE,CONS,premium,-2.4266474,2017
COD,2004-2012,FALSE,CONS,b40,9.7805426,2017
COD,2004-2012,FALSE,CONS,tot,9.8320825,2017
COD,2004-2012,FALSE,CONS,m50,10.029556,2017
COD,2004-2012,FALSE,CONS,premium,-.05153996,2017
COG,2005-2011,FALSE,CONS,b40,3.347149,2017
COG,2005-2011,FALSE,CONS,tot,4.6537109,2017
COG,2005-2011,FALSE,CONS,m50,4.9181395,2017
COG,2005-2011,FALSE,CONS,premium,-1.3065619,2017
COL,2008-2011,FALSE,INC,b40,7.2918945,2017
COL,2008-2011,FALSE,INC,tot,4.1687796,2017
COL,2008-2011,FALSE,INC,m50,5.0640842,2017
COL,2008-2011,FALSE,INC,premium,3.1231149,2017
COL,2008-2012,FALSE,INC,b40,6.2319135,2017
COL,2008-2012,FALSE,INC,tot,3.4681566,2017
COL,2008-2012,FALSE,INC,m50,4.9055621,2017
COL,2008-2012,FALSE,INC,premium,2.7637568,2017
COL,2009-2014,FALSE,INC,b40,5.9525879,2017
COL,2009-2014,FALSE,INC,tot,4.5539603,2017
COL,2009-2014,FALSE,INC,m50,5.4737598,2017
COL,2009-2014,FALSE,INC,premium,1.3986276,2017
COL,2010-2015,FALSE,INC,b40,5.0422488,2017
COL,2010-2015,FALSE,INC,tot,2.519959,2017
COL,2010-2015,FALSE,INC,m50,4.4595811,2017
COL,2010-2015,FALSE,INC,premium,2.5222898,2017
COL,2011-2016,FALSE,INC,b40,3.5350677,2017
COL,2011-2016,FALSE,INC,tot,1.4669571,2017
COL,2011-2016,FALSE,INC,m50,3.1018167,2017
COL,2011-2016,FALSE,INC,premium,2.0681106,2017
COL,2012-2017,FALSE,INC,b40,3.3697103,2017
COL,2012-2017,FALSE,INC,tot,1.03606,2017
COL,2012-2017,FALSE,INC,m50,2.348428,2017
COL,2012-2017,FALSE,INC,premium,2.3336503,2017
COL,2013-2018,FALSE,INC,b40,2.1881761,2017
COL,2013-2018,FALSE,INC,tot,.3917737,2017
COL,2013-2018,FALSE,INC,m50,1.327242,2017
COL,2013-2018,FALSE,INC,premium,1.7964024,2017
COL,2014-2019,FALSE,INC,b40,.36641257,2017
COL,2014-2019,FALSE,INC,tot,-.48252485,2017
COL,2014-2019,FALSE,INC,m50,.19170668,2017
COL,2014-2019,FALSE,INC,premium,.84893741,2017
COL,2015-2020,FALSE,INC,b40,-5.9756199,2017
COL,2015-2020,FALSE,INC,tot,-3.3129374,2017
COL,2015-2020,FALSE,INC,m50,-4.1793852,2017
COL,2015-2020,FALSE,INC,premium,-2.6626825,2017
CRI,2004-2009,FALSE,INC,b40,4.8907727,2017
CRI,2004-2009,FALSE,INC,tot,5.8048908,2017
CRI,2004-2009,FALSE,INC,m50,4.6346283,2017
CRI,2004-2009,FALSE,INC,premium,-.91411812,2017
CRI,2010-2013,FALSE,INC,b40,1.176309,2017
CRI,2010-2013,FALSE,INC,tot,3.1711969,2017
CRI,2010-2013,FALSE,INC,m50,1.9673033,2017
CRI,2010-2013,FALSE,INC,premium,-1.9948879,2017
CRI,2010-2014,FALSE,INC,b40,.82450398,2017
CRI,2010-2014,FALSE,INC,tot,1.780275,2017
CRI,2010-2014,FALSE,INC,m50,1.6103939,2017
CRI,2010-2014,FALSE,INC,premium,-.95577101,2017
CRI,2010-2015,FALSE,INC,b40,1.0320156,2017
CRI,2010-2015,FALSE,INC,tot,1.4351229,2017
CRI,2010-2015,FALSE,INC,m50,1.1885177,2017
CRI,2010-2015,FALSE,INC,premium,-.40310738,2017
CRI,2011-2016,FALSE,INC,b40,1.7514138,2017
CRI,2011-2016,FALSE,INC,tot,1.566958,2017
CRI,2011-2016,FALSE,INC,m50,1.3747201,2017
CRI,2011-2016,FALSE,INC,premium,.1844558,2017
CRI,2012-2017,FALSE,INC,b40,1.6075221,2017
CRI,2012-2017,FALSE,INC,tot,1.2308912,2017
CRI,2012-2017,FALSE,INC,m50,.89225444,2017
CRI,2012-2017,FALSE,INC,premium,.37663092,2017
CRI,2013-2018,FALSE,INC,b40,1.0670944,2017
CRI,2013-2018,FALSE,INC,tot,.1449796,2017
CRI,2013-2018,FALSE,INC,m50,1.0562823,2017
CRI,2013-2018,FALSE,INC,premium,.92211483,2017
CRI,2014-2019,FALSE,INC,b40,1.0031765,2017
CRI,2014-2019,FALSE,INC,tot,.51902213,2017
CRI,2014-2019,FALSE,INC,m50,.49799802,2017
CRI,2014-2019,FALSE,INC,premium,.48415437,2017
CRI,2015-2020,FALSE,INC,b40,-3.1829249,2017
CRI,2015-2020,FALSE,INC,tot,-2.2570662,2017
CRI,2015-2020,FALSE,INC,m50,-2.45445,2017
CRI,2015-2020,FALSE,INC,premium,-.92585875,2017
CYP,2007-2012,FALSE,INC,b40,-2.4690734,2017
CYP,2007-2012,FALSE,INC,tot,-1.2896126,2017
CYP,2007-2012,FALSE,INC,m50,-2.3666886,2017
CYP,2007-2012,FALSE,INC,premium,-1.1794609,2017
CYP,2009-2014,FALSE,INC,b40,-4.656642,2017
CYP,2009-2014,FALSE,INC,tot,-3.1046496,2017
CYP,2009-2014,FALSE,INC,m50,-3.8650867,2017
CYP,2009-2014,FALSE,INC,premium,-1.5519924,2017
CYP,2010-2015,FALSE,INC,b40,-4.3421974,2017
CYP,2010-2015,FALSE,INC,tot,-3.0435333,2017
CYP,2010-2015,FALSE,INC,m50,-3.4678972,2017
CYP,2010-2015,FALSE,INC,premium,-1.2986641,2017
CYP,2012-2017,FALSE,INC,b40,.29110457,2017
CYP,2012-2017,FALSE,INC,tot,-.7832643,2017
CYP,2012-2017,FALSE,INC,m50,.28358909,2017
CYP,2012-2017,FALSE,INC,premium,1.0743689,2017
CYP,2013-2018,FALSE,INC,b40,3.3760929,2017
CYP,2013-2018,FALSE,INC,tot,1.5242838,2017
CYP,2013-2018,FALSE,INC,m50,2.9013437,2017
CYP,2013-2018,FALSE,INC,premium,1.8518091,2017
CYP,2014-2019,FALSE,INC,b40,5.1705006,2017
CYP,2014-2019,FALSE,INC,tot,3.1096721,2017
CYP,2014-2019,FALSE,INC,m50,4.4025189,2017
CYP,2014-2019,FALSE,INC,premium,2.0608284,2017
CYP,2015-2020,FALSE,INC,b40,5.1705006,2017
CYP,2015-2020,FALSE,INC,tot,3.1096721,2017
CYP,2015-2020,FALSE,INC,m50,4.4025189,2017
CYP,2015-2020,FALSE,INC,premium,2.0608284,2017
CZE,2006-2011,FALSE,INC,b40,1.854876,2017
CZE,2006-2011,FALSE,INC,tot,1.7599903,2017
CZE,2006-2011,FALSE,INC,m50,2.0127821,2017
CZE,2006-2011,FALSE,INC,premium,.09488568,2017
CZE,2007-2012,FALSE,INC,b40,.1478278,2017
CZE,2007-2012,FALSE,INC,tot,.37097628,2017
CZE,2007-2012,FALSE,INC,m50,.6483993,2017
CZE,2007-2012,FALSE,INC,premium,-.22314848,2017
CZE,2009-2014,FALSE,INC,b40,.2221402,2017
CZE,2009-2014,FALSE,INC,tot,.18661144,2017
CZE,2009-2014,FALSE,INC,m50,.20415632,2017
CZE,2009-2014,FALSE,INC,premium,.03552876,2017
CZE,2010-2015,FALSE,INC,b40,1.424264,2017
CZE,2010-2015,FALSE,INC,tot,1.0387756,2017
CZE,2010-2015,FALSE,INC,m50,1.0878084,2017
CZE,2010-2015,FALSE,INC,premium,.38548844,2017
CZE,2012-2017,FALSE,INC,b40,3.5265332,2017
CZE,2012-2017,FALSE,INC,tot,2.821778,2017
CZE,2012-2017,FALSE,INC,m50,2.5513867,2017
CZE,2012-2017,FALSE,INC,premium,.70475519,2017
CZE,2013-2018,FALSE,INC,b40,4.3965137,2017
CZE,2013-2018,FALSE,INC,tot,3.6506638,2017
CZE,2013-2018,FALSE,INC,m50,3.3791324,2017
CZE,2013-2018,FALSE,INC,premium,.74584982,2017
CZE,2014-2019,FALSE,INC,b40,4.3976744,2017
CZE,2014-2019,FALSE,INC,tot,4.1252346,2017
CZE,2014-2019,FALSE,INC,m50,3.9550308,2017
CZE,2014-2019,FALSE,INC,premium,.27243978,2017
CZE,2015-2020,FALSE,INC,b40,4.3976744,2017
CZE,2015-2020,FALSE,INC,tot,4.1252346,2017
CZE,2015-2020,FALSE,INC,m50,3.9550308,2017
CZE,2015-2020,FALSE,INC,premium,.27243978,2017
DEU,2006-2011,FALSE,INC,b40,.64196084,2017
DEU,2006-2011,FALSE,INC,tot,.48459682,2017
DEU,2006-2011,FALSE,INC,m50,.55390004,2017
DEU,2006-2011,FALSE,INC,premium,.15736403,2017
DEU,2007-2011,FALSE,INC,b40,.45078733,2017
DEU,2007-2011,FALSE,INC,tot,.2484617,2017
DEU,2007-2011,FALSE,INC,m50,.47205275,2017
DEU,2007-2011,FALSE,INC,premium,.20232562,2017
DEU,2010-2015,FALSE,INC,b40,.23745119,2017
DEU,2010-2015,FALSE,INC,tot,.88012356,2017
DEU,2010-2015,FALSE,INC,m50,.73609467,2017
DEU,2010-2015,FALSE,INC,premium,-.64267237,2017
DEU,2011-2016,FALSE,INC,b40,.53935721,2017
DEU,2011-2016,FALSE,INC,tot,1.1388171,2017
DEU,2011-2016,FALSE,INC,m50,1.4200523,2017
DEU,2011-2016,FALSE,INC,premium,-.59945991,2017
DEU,2013-2018,FALSE,INC,b40,1.7190905,2017
DEU,2013-2018,FALSE,INC,tot,1.8007328,2017
DEU,2013-2018,FALSE,INC,m50,1.9021255,2017
DEU,2013-2018,FALSE,INC,premium,-.08164236,2017
DNK,2007-2012,FALSE,INC,b40,-.20871033,2017
DNK,2007-2012,FALSE,INC,tot,.5901879,2017
DNK,2007-2012,FALSE,INC,m50,.30732364,2017
DNK,2007-2012,FALSE,INC,premium,-.79889823,2017
DNK,2009-2014,FALSE,INC,b40,1.9189949,2017
DNK,2009-2014,FALSE,INC,tot,1.4508006,2017
DNK,2009-2014,FALSE,INC,m50,.50277837,2017
DNK,2009-2014,FALSE,INC,premium,.4681943,2017
DNK,2010-2015,FALSE,INC,b40,.56284234,2017
DNK,2010-2015,FALSE,INC,tot,.4548275,2017
DNK,2010-2015,FALSE,INC,m50,-.10393675,2017
DNK,2010-2015,FALSE,INC,premium,.10801484,2017
DNK,2012-2017,FALSE,INC,b40,1.3379996,2017
DNK,2012-2017,FALSE,INC,tot,1.6784802,2017
DNK,2012-2017,FALSE,INC,m50,1.4579181,2017
DNK,2012-2017,FALSE,INC,premium,-.34048063,2017
DNK,2013-2018,FALSE,INC,b40,1.4886421,2017
DNK,2013-2018,FALSE,INC,tot,1.3521019,2017
DNK,2013-2018,FALSE,INC,m50,1.5228027,2017
DNK,2013-2018,FALSE,INC,premium,.13654019,2017
DNK,2014-2019,FALSE,INC,b40,1.6630461,2017
DNK,2014-2019,FALSE,INC,tot,1.2293419,2017
DNK,2014-2019,FALSE,INC,m50,1.1958908,2017
DNK,2014-2019,FALSE,INC,premium,.43370419,2017
DNK,2015-2020,FALSE,INC,b40,1.6630461,2017
DNK,2015-2020,FALSE,INC,tot,1.2293419,2017
DNK,2015-2020,FALSE,INC,m50,1.1958908,2017
DNK,2015-2020,FALSE,INC,premium,.43370419,2017
DOM,2006-2011,FALSE,INC,b40,2.2705042,2017
DOM,2006-2011,FALSE,INC,tot,-.47730794,2017
DOM,2006-2011,FALSE,INC,m50,1.0516771,2017
DOM,2006-2011,FALSE,INC,premium,2.7478122,2017
DOM,2007-2012,FALSE,INC,b40,2.0982604,2017
DOM,2007-2012,FALSE,INC,tot,.39647094,2017
DOM,2007-2012,FALSE,INC,m50,1.1514779,2017
DOM,2007-2012,FALSE,INC,premium,1.7017894,2017
DOM,2009-2013,FALSE,INC,b40,2.0220433,2017
DOM,2009-2013,FALSE,INC,tot,.81992349,2017
DOM,2009-2013,FALSE,INC,m50,1.2198355,2017
DOM,2009-2013,FALSE,INC,premium,1.2021198,2017
DOM,2010-2015,FALSE,INC,b40,5.2877102,2017
DOM,2010-2015,FALSE,INC,tot,3.5899511,2017
DOM,2010-2015,FALSE,INC,m50,4.4476681,2017
DOM,2010-2015,FALSE,INC,premium,1.6977591,2017
DOM,2011-2016,FALSE,INC,b40,5.1919481,2017
DOM,2011-2016,FALSE,INC,tot,4.2518234,2017
DOM,2011-2016,FALSE,INC,m50,5.5643551,2017
DOM,2011-2016,FALSE,INC,premium,.94012477,2017
ECU,2007-2011,FALSE,INC,b40,6.6661967,2017
ECU,2007-2011,FALSE,INC,tot,1.2971614,2017
ECU,2007-2011,FALSE,INC,m50,5.7043541,2017
ECU,2007-2011,FALSE,INC,premium,5.3690353,2017
ECU,2007-2012,FALSE,INC,b40,6.5004639,2017
ECU,2007-2012,FALSE,INC,tot,2.3246381,2017
ECU,2007-2012,FALSE,INC,m50,6.1840027,2017
ECU,2007-2012,FALSE,INC,premium,4.1758258,2017
ECU,2009-2014,FALSE,INC,b40,7.4509692,2017
ECU,2009-2014,FALSE,INC,tot,4.9739987,2017
ECU,2009-2014,FALSE,INC,m50,6.4784562,2017
ECU,2009-2014,FALSE,INC,premium,2.4769705,2017
ECU,2010-2015,FALSE,INC,b40,4.7822247,2017
ECU,2010-2015,FALSE,INC,tot,3.0101559,2017
ECU,2010-2015,FALSE,INC,m50,4.2648989,2017
ECU,2010-2015,FALSE,INC,premium,1.7720688,2017
ECU,2011-2016,FALSE,INC,b40,2.9519872,2017
ECU,2011-2016,FALSE,INC,tot,1.9187836,2017
ECU,2011-2016,FALSE,INC,m50,2.3724578,2017
ECU,2011-2016,FALSE,INC,premium,1.0332036,2017
ECU,2012-2017,FALSE,INC,b40,2.4169179,2017
ECU,2012-2017,FALSE,INC,tot,1.2042138,2017
ECU,2012-2017,FALSE,INC,m50,1.6157271,2017
ECU,2012-2017,FALSE,INC,premium,1.2127041,2017
ECU,2013-2018,FALSE,INC,b40,1.255476,2017
ECU,2013-2018,FALSE,INC,tot,.46570151,2017
ECU,2013-2018,FALSE,INC,m50,1.3312378,2017
ECU,2013-2018,FALSE,INC,premium,.7897745,2017
ECU,2014-2019,FALSE,INC,b40,-.9029405,2017
ECU,2014-2019,FALSE,INC,tot,-.11768256,2017
ECU,2014-2019,FALSE,INC,m50,-.17128564,2017
ECU,2014-2019,FALSE,INC,premium,-.78525794,2017
ECU,2015-2020,FALSE,INC,b40,-3.4915998,2017
ECU,2015-2020,FALSE,INC,tot,-2.5718953,2017
ECU,2015-2020,FALSE,INC,m50,-2.9940815,2017
ECU,2015-2020,FALSE,INC,premium,-.91970449,2017
EGY,2010-2012,FALSE,CONS,b40,3.1966495,2017
EGY,2010-2012,FALSE,CONS,tot,1.0831972,2017
EGY,2010-2012,FALSE,CONS,m50,2.2734914,2017
EGY,2010-2012,FALSE,CONS,premium,2.1134524,2017
EGY,2012-2015,FALSE,CONS,b40,.49671665,2017
EGY,2012-2015,FALSE,CONS,tot,3.2537431,2017
EGY,2012-2015,FALSE,CONS,m50,1.5424686,2017
EGY,2012-2015,FALSE,CONS,premium,-2.7570264,2017
EGY,2012-2017,FALSE,CONS,b40,-2.5044114,2017
EGY,2012-2017,FALSE,CONS,tot,-1.1309733,2017
EGY,2012-2017,FALSE,CONS,m50,-1.8453278,2017
EGY,2012-2017,FALSE,CONS,premium,-1.3734381,2017
ESP,2007-2012,FALSE,INC,b40,-3.7542787,2017
ESP,2007-2012,FALSE,INC,tot,-2.5645491,2017
ESP,2007-2012,FALSE,INC,m50,-2.4179869,2017
ESP,2007-2012,FALSE,INC,premium,-1.1897296,2017
ESP,2008-2014,FALSE,INC,b40,-3.8906994,2017
ESP,2008-2014,FALSE,INC,tot,-2.7253956,2017
ESP,2008-2014,FALSE,INC,m50,-2.7488704,2017
ESP,2008-2014,FALSE,INC,premium,-1.1653037,2017
ESP,2010-2015,FALSE,INC,b40,-2.1619258,2017
ESP,2010-2015,FALSE,INC,tot,-1.5283531,2017
ESP,2010-2015,FALSE,INC,m50,-1.3442007,2017
ESP,2010-2015,FALSE,INC,premium,-.63357275,2017
ESP,2012-2017,FALSE,INC,b40,1.7546014,2017
ESP,2012-2017,FALSE,INC,tot,1.1153114,2017
ESP,2012-2017,FALSE,INC,m50,1.1988646,2017
ESP,2012-2017,FALSE,INC,premium,.63928995,2017
ESP,2013-2018,FALSE,INC,b40,3.2144665,2017
ESP,2013-2018,FALSE,INC,tot,1.8063822,2017
ESP,2013-2018,FALSE,INC,m50,1.6619597,2017
ESP,2013-2018,FALSE,INC,premium,1.4080844,2017
ESP,2014-2019,FALSE,INC,b40,4.0266406,2017
ESP,2014-2019,FALSE,INC,tot,2.6212805,2017
ESP,2014-2019,FALSE,INC,m50,2.8429762,2017
ESP,2014-2019,FALSE,INC,premium,1.4053601,2017
ESP,2015-2020,FALSE,INC,b40,4.0266406,2017
ESP,2015-2020,FALSE,INC,tot,2.6212805,2017
ESP,2015-2020,FALSE,INC,m50,2.8429762,2017
ESP,2015-2020,FALSE,INC,premium,1.4053601,2017
EST,2005-2010,FALSE,INC,b40,4.0828798,2017
EST,2005-2010,FALSE,INC,tot,3.7129872,2017
EST,2005-2010,FALSE,INC,m50,4.7478874,2017
EST,2005-2010,FALSE,INC,premium,.36989262,2017
EST,2007-2012,FALSE,INC,b40,-.8381014,2017
EST,2007-2012,FALSE,INC,tot,.02803647,2017
EST,2007-2012,FALSE,INC,m50,-.35159226,2017
EST,2007-2012,FALSE,INC,premium,-.86613787,2017
EST,2009-2014,FALSE,INC,b40,2.0399929,2017
EST,2009-2014,FALSE,INC,tot,3.8903974,2017
EST,2009-2014,FALSE,INC,m50,2.8199412,2017
EST,2009-2014,FALSE,INC,premium,-1.8504045,2017
EST,2010-2015,FALSE,INC,b40,6.1484124,2017
EST,2010-2015,FALSE,INC,tot,6.6252065,2017
EST,2010-2015,FALSE,INC,m50,5.7996248,2017
EST,2010-2015,FALSE,INC,premium,-.47679406,2017
EST,2012-2017,FALSE,INC,b40,7.9802136,2017
EST,2012-2017,FALSE,INC,tot,7.1974385,2017
EST,2012-2017,FALSE,INC,m50,8.0025002,2017
EST,2012-2017,FALSE,INC,premium,.78277506,2017
EST,2013-2018,FALSE,INC,b40,8.6268806,2017
EST,2013-2018,FALSE,INC,tot,6.6076566,2017
EST,2013-2018,FALSE,INC,m50,8.2862337,2017
EST,2013-2018,FALSE,INC,premium,2.019224,2017
EST,2014-2019,FALSE,INC,b40,8.0253476,2017
EST,2014-2019,FALSE,INC,tot,6.0994069,2017
EST,2014-2019,FALSE,INC,m50,7.2937694,2017
EST,2014-2019,FALSE,INC,premium,1.9259407,2017
EST,2015-2020,FALSE,INC,b40,8.0253476,2017
EST,2015-2020,FALSE,INC,tot,6.0994069,2017
EST,2015-2020,FALSE,INC,m50,7.2937694,2017
EST,2015-2020,FALSE,INC,premium,1.9259407,2017
ETH,2004-2010,FALSE,CONS,b40,-.23473681,2017
ETH,2004-2010,FALSE,CONS,tot,1.1517968,2017
ETH,2004-2010,FALSE,CONS,m50,.5890967,2017
ETH,2004-2010,FALSE,CONS,premium,-1.3865336,2017
ETH,2010-2015,FALSE,CONS,b40,.91941856,2017
ETH,2010-2015,FALSE,CONS,tot,2.1368392,2017
ETH,2010-2015,FALSE,CONS,m50,2.2131527,2017
ETH,2010-2015,FALSE,CONS,premium,-1.2174207,2017
FIN,2007-2012,FALSE,INC,b40,1.5580171,2017
FIN,2007-2012,FALSE,INC,tot,1.0778963,2017
FIN,2007-2012,FALSE,INC,m50,1.3582175,2017
FIN,2007-2012,FALSE,INC,premium,.48012082,2017
FIN,2009-2014,FALSE,INC,b40,.58380658,2017
FIN,2009-2014,FALSE,INC,tot,.28209425,2017
FIN,2009-2014,FALSE,INC,m50,.37482395,2017
FIN,2009-2014,FALSE,INC,premium,.30171233,2017
FIN,2010-2015,FALSE,INC,b40,.53454278,2017
FIN,2010-2015,FALSE,INC,tot,.1696592,2017
FIN,2010-2015,FALSE,INC,m50,.27947958,2017
FIN,2010-2015,FALSE,INC,premium,.36488358,2017
FIN,2012-2017,FALSE,INC,b40,.57953615,2017
FIN,2012-2017,FALSE,INC,tot,.64509917,2017
FIN,2012-2017,FALSE,INC,m50,.67224208,2017
FIN,2012-2017,FALSE,INC,premium,-.06556302,2017
FIN,2013-2018,FALSE,INC,b40,1.0767946,2017
FIN,2013-2018,FALSE,INC,tot,1.0318508,2017
FIN,2013-2018,FALSE,INC,m50,1.0194338,2017
FIN,2013-2018,FALSE,INC,premium,.04494377,2017
FIN,2014-2019,FALSE,INC,b40,1.1253681,2017
FIN,2014-2019,FALSE,INC,tot,1.4903232,2017
FIN,2014-2019,FALSE,INC,m50,1.3943182,2017
FIN,2014-2019,FALSE,INC,premium,-.3649551,2017
FIN,2015-2020,FALSE,INC,b40,1.1253681,2017
FIN,2015-2020,FALSE,INC,tot,1.4903232,2017
FIN,2015-2020,FALSE,INC,m50,1.3943182,2017
FIN,2015-2020,FALSE,INC,premium,-.3649551,2017
FJI,2008-2013,FALSE,CONS,b40,1.1768645,2017
FJI,2008-2013,FALSE,CONS,tot,-.50770351,2017
FJI,2008-2013,FALSE,CONS,m50,.73210357,2017
FJI,2008-2013,FALSE,CONS,premium,1.684568,2017
FRA,2007-2012,FALSE,INC,b40,.11719819,2017
FRA,2007-2012,FALSE,INC,tot,.37033806,2017
FRA,2007-2012,FALSE,INC,m50,.47216749,2017
FRA,2007-2012,FALSE,INC,premium,-.25313986,2017
FRA,2009-2014,FALSE,INC,b40,.30913088,2017
FRA,2009-2014,FALSE,INC,tot,.04835918,2017
FRA,2009-2014,FALSE,INC,m50,.1620848,2017
FRA,2009-2014,FALSE,INC,premium,.2607717,2017
FRA,2010-2015,FALSE,INC,b40,.73776144,2017
FRA,2010-2015,FALSE,INC,tot,.20961479,2017
FRA,2010-2015,FALSE,INC,m50,.71241676,2017
FRA,2010-2015,FALSE,INC,premium,.52814665,2017
FRA,2012-2017,FALSE,INC,b40,.61259654,2017
FRA,2012-2017,FALSE,INC,tot,.1891099,2017
FRA,2012-2017,FALSE,INC,m50,.79807153,2017
FRA,2012-2017,FALSE,INC,premium,.42348664,2017
FRA,2013-2018,FALSE,INC,b40,.9723769,2017
FRA,2013-2018,FALSE,INC,tot,.76977884,2017
FRA,2013-2018,FALSE,INC,m50,.90573441,2017
FRA,2013-2018,FALSE,INC,premium,.20259806,2017
FRA,2014-2019,FALSE,INC,b40,.9723769,2017
FRA,2014-2019,FALSE,INC,tot,.76977884,2017
FRA,2014-2019,FALSE,INC,m50,.90573441,2017
FRA,2014-2019,FALSE,INC,premium,.20259806,2017
GBR,2007-2012,FALSE,INC,b40,-1.2946935,2017
GBR,2007-2012,FALSE,INC,tot,-2.4082894,2017
GBR,2007-2012,FALSE,INC,m50,-1.2990058,2017
GBR,2007-2012,FALSE,INC,premium,1.1135959,2017
GBR,2009-2014,FALSE,INC,b40,.17795778,2017
GBR,2009-2014,FALSE,INC,tot,.3572431,2017
GBR,2009-2014,FALSE,INC,m50,.3958483,2017
GBR,2009-2014,FALSE,INC,premium,-.17928532,2017
GBR,2010-2015,FALSE,INC,b40,.42187537,2017
GBR,2010-2015,FALSE,INC,tot,.27270116,2017
GBR,2010-2015,FALSE,INC,m50,.5254495,2017
GBR,2010-2015,FALSE,INC,premium,.14917421,2017
GBR,2011-2016,FALSE,INC,b40,1.7561561,2017
GBR,2011-2016,FALSE,INC,tot,2.4182747,2017
GBR,2011-2016,FALSE,INC,m50,1.8233814,2017
GBR,2011-2016,FALSE,INC,premium,-.66211858,2017
GBR,2012-2017,FALSE,INC,b40,1.1921213,2017
GBR,2012-2017,FALSE,INC,tot,2.6611858,2017
GBR,2012-2017,FALSE,INC,m50,1.9798795,2017
GBR,2012-2017,FALSE,INC,premium,-1.4690645,2017
GBR,2013-2018,FALSE,INC,b40,1.1921213,2017
GBR,2013-2018,FALSE,INC,tot,2.6611858,2017
GBR,2013-2018,FALSE,INC,m50,1.9798795,2017
GBR,2013-2018,FALSE,INC,premium,-1.4690645,2017
GEO,2007-2012,FALSE,CONS,b40,2.787147,2017
GEO,2007-2012,FALSE,CONS,tot,3.4454171,2017
GEO,2007-2012,FALSE,CONS,m50,3.4179416,2017
GEO,2007-2012,FALSE,CONS,premium,-.65827004,2017
GEO,2008-2013,FALSE,CONS,b40,3.7007661,2017
GEO,2008-2013,FALSE,CONS,tot,3.7670153,2017
GEO,2008-2013,FALSE,CONS,m50,3.495969,2017
GEO,2008-2013,FALSE,CONS,premium,-.06624922,2017
GEO,2009-2014,FALSE,CONS,b40,5.3074462,2017
GEO,2009-2014,FALSE,CONS,tot,4.8601956,2017
GEO,2009-2014,FALSE,CONS,m50,5.1235772,2017
GEO,2009-2014,FALSE,CONS,premium,.44725061,2017
GEO,2011-2016,FALSE,CONS,b40,6.6298655,2017
GEO,2011-2016,FALSE,CONS,tot,4.5965406,2017
GEO,2011-2016,FALSE,CONS,m50,5.0787823,2017
GEO,2011-2016,FALSE,CONS,premium,2.0333248,2017
GEO,2012-2017,FALSE,CONS,b40,4.4805064,2017
GEO,2012-2017,FALSE,CONS,tot,3.7571691,2017
GEO,2012-2017,FALSE,CONS,m50,3.8337789,2017
GEO,2012-2017,FALSE,CONS,premium,.72333737,2017
GEO,2013-2018,FALSE,CONS,b40,2.6477158,2017
GEO,2013-2018,FALSE,CONS,tot,1.4193688,2017
GEO,2013-2018,FALSE,CONS,m50,2.348968,2017
GEO,2013-2018,FALSE,CONS,premium,1.2283469,2017
GEO,2014-2019,FALSE,CONS,b40,1.589967,2017
GEO,2014-2019,FALSE,CONS,tot,.5562863,2017
GEO,2014-2019,FALSE,CONS,m50,.99509021,2017
GEO,2014-2019,FALSE,CONS,premium,1.0336807,2017
GEO,2015-2020,FALSE,CONS,b40,-.57586065,2017
GEO,2015-2020,FALSE,CONS,tot,-1.5025702,2017
GEO,2015-2020,FALSE,CONS,m50,-.49426889,2017
GEO,2015-2020,FALSE,CONS,premium,.92670951,2017
GHA,2012-2016,FALSE,CONS,b40,-.20432086,2017
GHA,2012-2016,FALSE,CONS,tot,1.2667837,2017
GHA,2012-2016,FALSE,CONS,m50,1.4836708,2017
GHA,2012-2016,FALSE,CONS,premium,-1.4711046,2017
GIN,2007-2012,FALSE,CONS,b40,8.1324529,2017
GIN,2007-2012,FALSE,CONS,tot,4.9363292,2017
GIN,2007-2012,FALSE,CONS,m50,7.1393126,2017
GIN,2007-2012,FALSE,CONS,premium,3.1961237,2017
GMB,2010-2015,FALSE,CONS,b40,4.4218942,2017
GMB,2010-2015,FALSE,CONS,tot,-.45691433,2017
GMB,2010-2015,FALSE,CONS,m50,1.1481796,2017
GMB,2010-2015,FALSE,CONS,premium,4.8788085,2017
GRC,2007-2012,FALSE,INC,b40,-10.02454,2017
GRC,2007-2012,FALSE,INC,tot,-8.403259,2017
GRC,2007-2012,FALSE,INC,m50,-8.234292,2017
GRC,2007-2012,FALSE,INC,premium,-1.6212808,2017
GRC,2009-2014,FALSE,INC,b40,-11.730247,2017
GRC,2009-2014,FALSE,INC,tot,-9.9499166,2017
GRC,2009-2014,FALSE,INC,m50,-10.04103,2017
GRC,2009-2014,FALSE,INC,premium,-1.7803299,2017
GRC,2010-2015,FALSE,INC,b40,-8.3494014,2017
GRC,2010-2015,FALSE,INC,tot,-6.9755317,2017
GRC,2010-2015,FALSE,INC,m50,-7.1029413,2017
GRC,2010-2015,FALSE,INC,premium,-1.3738697,2017
GRC,2012-2017,FALSE,INC,b40,1.8014179,2017
GRC,2012-2017,FALSE,INC,tot,.11190175,2017
GRC,2012-2017,FALSE,INC,m50,-.02528946,2017
GRC,2012-2017,FALSE,INC,premium,1.6895162,2017
GRC,2013-2018,FALSE,INC,b40,3.4502423,2017
GRC,2013-2018,FALSE,INC,tot,1.5639676,2017
GRC,2013-2018,FALSE,INC,m50,1.8672809,2017
GRC,2013-2018,FALSE,INC,premium,1.8862747,2017
GRC,2014-2019,FALSE,INC,b40,5.0800685,2017
GRC,2014-2019,FALSE,INC,tot,3.0442498,2017
GRC,2014-2019,FALSE,INC,m50,3.4304136,2017
GRC,2014-2019,FALSE,INC,premium,2.0358187,2017
GRC,2015-2020,FALSE,INC,b40,5.0800685,2017
GRC,2015-2020,FALSE,INC,tot,3.0442498,2017
GRC,2015-2020,FALSE,INC,m50,3.4304136,2017
GRC,2015-2020,FALSE,INC,premium,2.0358187,2017
HND,2006-2011,FALSE,INC,b40,5.819634,2017
HND,2006-2011,FALSE,INC,tot,.94579651,2017
HND,2006-2011,FALSE,INC,m50,3.0480024,2017
HND,2006-2011,FALSE,INC,premium,4.8738375,2017
HND,2007-2012,FALSE,INC,b40,-1.5468153,2017
HND,2007-2012,FALSE,INC,tot,-2.8499341,2017
HND,2007-2012,FALSE,INC,m50,-1.2152244,2017
HND,2007-2012,FALSE,INC,premium,1.3031188,2017
HND,2009-2014,FALSE,INC,b40,-1.7142253,2017
HND,2009-2014,FALSE,INC,tot,-2.7428977,2017
HND,2009-2014,FALSE,INC,m50,-2.2992475,2017
HND,2009-2014,FALSE,INC,premium,1.0286724,2017
HND,2010-2015,FALSE,INC,b40,-.22511867,2017
HND,2010-2015,FALSE,INC,tot,-2.7548167,2017
HND,2010-2015,FALSE,INC,m50,-.75234337,2017
HND,2010-2015,FALSE,INC,premium,2.529698,2017
HND,2011-2016,FALSE,INC,b40,.0085857,2017
HND,2011-2016,FALSE,INC,tot,-1.024621,2017
HND,2011-2016,FALSE,INC,m50,.42171386,2017
HND,2011-2016,FALSE,INC,premium,1.0332067,2017
HND,2012-2017,FALSE,INC,b40,3.6108901,2017
HND,2012-2017,FALSE,INC,tot,.91352991,2017
HND,2012-2017,FALSE,INC,m50,2.8643024,2017
HND,2012-2017,FALSE,INC,premium,2.6973602,2017
HND,2013-2018,FALSE,INC,b40,1.1130475,2017
HND,2013-2018,FALSE,INC,tot,.89426127,2017
HND,2013-2018,FALSE,INC,m50,1.5432395,2017
HND,2013-2018,FALSE,INC,premium,.2187862,2017
HND,2014-2019,FALSE,INC,b40,.99796973,2017
HND,2014-2019,FALSE,INC,tot,.64353718,2017
HND,2014-2019,FALSE,INC,m50,1.7596093,2017
HND,2014-2019,FALSE,INC,premium,.35443255,2017
HRV,2004-2010,FALSE,CONS,b40,-2.3938301,2017
HRV,2004-2010,FALSE,CONS,tot,-3.3670739,2017
HRV,2004-2010,FALSE,CONS,m50,-2.7988551,2017
HRV,2004-2010,FALSE,CONS,premium,.97324385,2017
HRV,2009-2012,FALSE,INC,b40,-5.4004207,2017
HRV,2009-2012,FALSE,INC,tot,-5.3491576,2017
HRV,2009-2012,FALSE,INC,m50,-5.5621623,2017
HRV,2009-2012,FALSE,INC,premium,-.05126305,2017
HRV,2009-2014,FALSE,INC,b40,-2.2691869,2017
HRV,2009-2014,FALSE,INC,tot,-2.4892401,2017
HRV,2009-2014,FALSE,INC,m50,-2.2531376,2017
HRV,2009-2014,FALSE,INC,premium,.22005316,2017
HRV,2010-2015,FALSE,INC,b40,.46674899,2017
HRV,2010-2015,FALSE,INC,tot,-.11764676,2017
HRV,2010-2015,FALSE,INC,m50,.62378915,2017
HRV,2010-2015,FALSE,INC,premium,.58439575,2017
HRV,2012-2017,FALSE,INC,b40,5.4696523,2017
HRV,2012-2017,FALSE,INC,tot,4.2768648,2017
HRV,2012-2017,FALSE,INC,m50,5.272359,2017
HRV,2012-2017,FALSE,INC,premium,1.1927875,2017
HRV,2013-2018,FALSE,INC,b40,7.6341293,2017
HRV,2013-2018,FALSE,INC,tot,6.0959482,2017
HRV,2013-2018,FALSE,INC,m50,6.3692206,2017
HRV,2013-2018,FALSE,INC,premium,1.5381811,2017
HRV,2014-2019,FALSE,INC,b40,8.0828042,2017
HRV,2014-2019,FALSE,INC,tot,6.2112763,2017
HRV,2014-2019,FALSE,INC,m50,6.8154402,2017
HRV,2014-2019,FALSE,INC,premium,1.8715279,2017
HRV,2015-2020,FALSE,INC,b40,8.0828042,2017
HRV,2015-2020,FALSE,INC,tot,6.2112763,2017
HRV,2015-2020,FALSE,INC,m50,6.8154402,2017
HRV,2015-2020,FALSE,INC,premium,1.8715279,2017
HUN,2006-2011,FALSE,INC,b40,-.52114657,2017
HUN,2006-2011,FALSE,INC,tot,-.00430293,2017
HUN,2006-2011,FALSE,INC,m50,.10685614,2017
HUN,2006-2011,FALSE,INC,premium,-.51684364,2017
HUN,2007-2012,FALSE,INC,b40,-2.1290616,2017
HUN,2007-2012,FALSE,INC,tot,-.60226081,2017
HUN,2007-2012,FALSE,INC,m50,-.83845804,2017
HUN,2007-2012,FALSE,INC,premium,-1.5268008,2017
HUN,2009-2014,FALSE,INC,b40,-.36983809,2017
HUN,2009-2014,FALSE,INC,tot,1.6026399,2017
HUN,2009-2014,FALSE,INC,m50,.83727128,2017
HUN,2009-2014,FALSE,INC,premium,-1.972478,2017
HUN,2010-2015,FALSE,INC,b40,1.1907046,2017
HUN,2010-2015,FALSE,INC,tot,1.7317621,2017
HUN,2010-2015,FALSE,INC,m50,1.5961352,2017
HUN,2010-2015,FALSE,INC,premium,-.54105749,2017
HUN,2012-2017,FALSE,INC,b40,4.8376551,2017
HUN,2012-2017,FALSE,INC,tot,4.6014803,2017
HUN,2012-2017,FALSE,INC,m50,4.4875125,2017
HUN,2012-2017,FALSE,INC,premium,.23617473,2017
HUN,2013-2018,FALSE,INC,b40,6.2739385,2017
HUN,2013-2018,FALSE,INC,tot,5.3094776,2017
HUN,2013-2018,FALSE,INC,m50,5.7639323,2017
HUN,2013-2018,FALSE,INC,premium,.96446093,2017
HUN,2014-2019,FALSE,INC,b40,6.7545246,2017
HUN,2014-2019,FALSE,INC,tot,6.1225214,2017
HUN,2014-2019,FALSE,INC,m50,6.0653851,2017
HUN,2014-2019,FALSE,INC,premium,.63200319,2017
HUN,2015-2020,FALSE,INC,b40,6.7545246,2017
HUN,2015-2020,FALSE,INC,tot,6.1225214,2017
HUN,2015-2020,FALSE,INC,m50,6.0653851,2017
HUN,2015-2020,FALSE,INC,premium,.63200319,2017
IDN,2011-2014,FALSE,CONS,b40,4.1380729,2017
IDN,2011-2014,FALSE,CONS,tot,3.631113,2017
IDN,2011-2014,FALSE,CONS,m50,3.8597842,2017
IDN,2011-2014,FALSE,CONS,premium,.50695991,2017
IDN,2014-2018,FALSE,CONS,b40,5.1975564,2017
IDN,2014-2018,FALSE,CONS,tot,4.9947867,2017
IDN,2014-2018,FALSE,CONS,m50,6.3676179,2017
IDN,2014-2018,FALSE,CONS,premium,.20276964,2017
IDN,2015-2017,FALSE,CONS,b40,4.9381508,2017
IDN,2015-2017,FALSE,CONS,tot,4.9097215,2017
IDN,2015-2017,FALSE,CONS,m50,6.9351921,2017
IDN,2015-2017,FALSE,CONS,premium,.02842931,2017
IDN,2015-2019,FALSE,CONS,b40,4.7814181,2017
IDN,2015-2019,FALSE,CONS,tot,3.9137036,2017
IDN,2015-2019,FALSE,CONS,m50,5.2988262,2017
IDN,2015-2019,FALSE,CONS,premium,.86771456,2017
IND,2004-2011,FALSE,CONS,b40,3.2008675,2017
IND,2004-2011,FALSE,CONS,tot,3.6948127,2017
IND,2004-2011,FALSE,CONS,m50,3.4669218,2017
IND,2004-2011,FALSE,CONS,premium,-.49394517,2017
IRL,2007-2012,FALSE,INC,b40,-3.9383894,2017
IRL,2007-2012,FALSE,INC,tot,-3.0458167,2017
IRL,2007-2012,FALSE,INC,m50,-2.8151908,2017
IRL,2007-2012,FALSE,INC,premium,-.89257272,2017
IRL,2009-2014,FALSE,INC,b40,.2388276,2017
IRL,2009-2014,FALSE,INC,tot,-.23020683,2017
IRL,2009-2014,FALSE,INC,m50,-.36692507,2017
IRL,2009-2014,FALSE,INC,premium,.46903443,2017
IRL,2010-2015,FALSE,INC,b40,1.6931175,2017
IRL,2010-2015,FALSE,INC,tot,1.1468353,2017
IRL,2010-2015,FALSE,INC,m50,1.1198224,2017
IRL,2010-2015,FALSE,INC,premium,.54628217,2017
IRL,2011-2016,FALSE,INC,b40,3.4330043,2017
IRL,2011-2016,FALSE,INC,tot,3.0527925,2017
IRL,2011-2016,FALSE,INC,m50,2.4258167,2017
IRL,2011-2016,FALSE,INC,premium,.38021178,2017
IRL,2012-2017,FALSE,INC,b40,5.5423743,2017
IRL,2012-2017,FALSE,INC,tot,4.1621206,2017
IRL,2012-2017,FALSE,INC,m50,4.193068,2017
IRL,2012-2017,FALSE,INC,premium,1.3802537,2017
IRL,2013-2018,FALSE,INC,b40,6.7634757,2017
IRL,2013-2018,FALSE,INC,tot,4.7005257,2017
IRL,2013-2018,FALSE,INC,m50,4.611343,2017
IRL,2013-2018,FALSE,INC,premium,2.0629499,2017
IRL,2014-2019,FALSE,INC,b40,6.7634757,2017
IRL,2014-2019,FALSE,INC,tot,4.7005257,2017
IRL,2014-2019,FALSE,INC,m50,4.611343,2017
IRL,2014-2019,FALSE,INC,premium,2.0629499,2017
IRN,2009-2013,FALSE,CONS,b40,2.5291822,2017
IRN,2009-2013,FALSE,CONS,tot,-1.7172851,2017
IRN,2009-2013,FALSE,CONS,m50,-.55926754,2017
IRN,2009-2013,FALSE,CONS,premium,4.2464673,2017
IRN,2009-2014,FALSE,CONS,b40,.82998703,2017
IRN,2009-2014,FALSE,CONS,tot,-1.679197,2017
IRN,2009-2014,FALSE,CONS,m50,-1.0556011,2017
IRN,2009-2014,FALSE,CONS,premium,2.509184,2017
IRN,2013-2016,FALSE,CONS,b40,-2.4481214,2017
IRN,2013-2016,FALSE,CONS,tot,-.03304317,2017
IRN,2013-2016,FALSE,CONS,m50,-1.1870744,2017
IRN,2013-2016,FALSE,CONS,premium,-2.4150782,2017
IRN,2013-2018,FALSE,CONS,b40,-1.5758443,2017
IRN,2013-2018,FALSE,CONS,tot,.89926573,2017
IRN,2013-2018,FALSE,CONS,m50,-.73155257,2017
IRN,2013-2018,FALSE,CONS,premium,-2.4751101,2017
IRN,2014-2017,FALSE,CONS,b40,.32110878,2017
IRN,2014-2017,FALSE,CONS,tot,2.344498,2017
IRN,2014-2017,FALSE,CONS,m50,1.4047915,2017
IRN,2014-2017,FALSE,CONS,premium,-2.0233892,2017
IRN,2014-2019,FALSE,CONS,b40,-2.4917155,2017
IRN,2014-2019,FALSE,CONS,tot,-1.3837384,2017
IRN,2014-2019,FALSE,CONS,m50,-2.0193983,2017
IRN,2014-2019,FALSE,CONS,premium,-1.1079771,2017
IRQ,2006-2012,FALSE,CONS,b40,.45812981,2017
IRQ,2006-2012,FALSE,CONS,tot,1.1110512,2017
IRQ,2006-2012,FALSE,CONS,m50,1.0617949,2017
IRQ,2006-2012,FALSE,CONS,premium,-.65292141,2017
ISL,2007-2012,FALSE,INC,b40,-3.8562321,2017
ISL,2007-2012,FALSE,INC,tot,-4.5658409,2017
ISL,2007-2012,FALSE,INC,m50,-3.5026303,2017
ISL,2007-2012,FALSE,INC,premium,.70960878,2017
ISL,2009-2014,FALSE,INC,b40,-.13290622,2017
ISL,2009-2014,FALSE,INC,tot,-.4747475,2017
ISL,2009-2014,FALSE,INC,m50,-.16990377,2017
ISL,2009-2014,FALSE,INC,premium,.34184128,2017
ISL,2010-2015,FALSE,INC,b40,3.1510583,2017
ISL,2010-2015,FALSE,INC,tot,3.3085675,2017
ISL,2010-2015,FALSE,INC,m50,2.9338378,2017
ISL,2010-2015,FALSE,INC,premium,-.15750928,2017
ISL,2012-2017,FALSE,INC,b40,5.6549442,2017
ISL,2012-2017,FALSE,INC,tot,5.2634728,2017
ISL,2012-2017,FALSE,INC,m50,5.4884732,2017
ISL,2012-2017,FALSE,INC,premium,.39147141,2017
ISL,2013-2018,FALSE,INC,b40,5.6549442,2017
ISL,2013-2018,FALSE,INC,tot,5.2634728,2017
ISL,2013-2018,FALSE,INC,m50,5.4884732,2017
ISL,2013-2018,FALSE,INC,premium,.39147141,2017
ISR,2010-2016,FALSE,INC,b40,4.1798376,2017
ISR,2010-2016,FALSE,INC,tot,2.5529257,2017
ISR,2010-2016,FALSE,INC,m50,3.5523869,2017
ISR,2010-2016,FALSE,INC,premium,1.6269119,2017
ISR,2012-2016,FALSE,INC,b40,4.4786803,2017
ISR,2012-2016,FALSE,INC,tot,2.4548086,2017
ISR,2012-2016,FALSE,INC,m50,3.6411684,2017
ISR,2012-2016,FALSE,INC,premium,2.0238717,2017
ISR,2013-2018,FALSE,INC,b40,3.6885691,2017
ISR,2013-2018,FALSE,INC,tot,2.8262861,2017
ISR,2013-2018,FALSE,INC,m50,3.499875,2017
ISR,2013-2018,FALSE,INC,premium,.86228299,2017
ITA,2007-2012,FALSE,INC,b40,-2.8275523,2017
ITA,2007-2012,FALSE,INC,tot,-1.6548812,2017
ITA,2007-2012,FALSE,INC,m50,-2.0989057,2017
ITA,2007-2012,FALSE,INC,premium,-1.1726711,2017
ITA,2009-2014,FALSE,INC,b40,-2.6049438,2017
ITA,2009-2014,FALSE,INC,tot,-1.90579,2017
ITA,2009-2014,FALSE,INC,m50,-1.8002103,2017
ITA,2009-2014,FALSE,INC,premium,-.69915386,2017
ITA,2010-2015,FALSE,INC,b40,-2.1376345,2017
ITA,2010-2015,FALSE,INC,tot,-1.0903847,2017
ITA,2010-2015,FALSE,INC,m50,-.82982192,2017
ITA,2010-2015,FALSE,INC,premium,-1.0472499,2017
ITA,2012-2017,FALSE,INC,b40,.48476022,2017
ITA,2012-2017,FALSE,INC,tot,1.0440406,2017
ITA,2012-2017,FALSE,INC,m50,1.1241721,2017
ITA,2012-2017,FALSE,INC,premium,-.55928039,2017
ITA,2013-2018,FALSE,INC,b40,1.0248049,2017
ITA,2013-2018,FALSE,INC,tot,1.3259801,2017
ITA,2013-2018,FALSE,INC,m50,1.2936592,2017
ITA,2013-2018,FALSE,INC,premium,-.30117515,2017
ITA,2014-2019,FALSE,INC,b40,1.0248049,2017
ITA,2014-2019,FALSE,INC,tot,1.3259801,2017
ITA,2014-2019,FALSE,INC,m50,1.2936592,2017
ITA,2014-2019,FALSE,INC,premium,-.30117515,2017
JOR,2006-2010,FALSE,CONS,b40,2.9719986,2017
JOR,2006-2010,FALSE,CONS,tot,2.8445302,2017
JOR,2006-2010,FALSE,CONS,m50,2.8815327,2017
JOR,2006-2010,FALSE,CONS,premium,.12746843,2017
JOR,2008-2010,FALSE,CONS,b40,4.563441,2017
JOR,2008-2010,FALSE,CONS,tot,5.7700719,2017
JOR,2008-2010,FALSE,CONS,m50,5.1153314,2017
JOR,2008-2010,FALSE,CONS,premium,-1.2066309,2017
KAZ,2006-2010,FALSE,CONS,b40,6.0280218,2017
KAZ,2006-2010,FALSE,CONS,tot,4.8594118,2017
KAZ,2006-2010,FALSE,CONS,m50,5.5448624,2017
KAZ,2006-2010,FALSE,CONS,premium,1.16861,2017
KAZ,2008-2013,FALSE,CONS,b40,6.4004528,2017
KAZ,2008-2013,FALSE,CONS,tot,5.8510186,2017
KAZ,2008-2013,FALSE,CONS,m50,6.3555606,2017
KAZ,2008-2013,FALSE,CONS,premium,.54943422,2017
KAZ,2009-2013,FALSE,CONS,b40,8.4212268,2017
KAZ,2009-2013,FALSE,CONS,tot,7.7206784,2017
KAZ,2009-2013,FALSE,CONS,m50,8.0083583,2017
KAZ,2009-2013,FALSE,CONS,premium,.70054841,2017
KAZ,2010-2015,FALSE,CONS,b40,3.9968645,2017
KAZ,2010-2015,FALSE,CONS,tot,3.381341,2017
KAZ,2010-2015,FALSE,CONS,m50,3.6001315,2017
KAZ,2010-2015,FALSE,CONS,premium,.6155235,2017
KAZ,2012-2017,FALSE,CONS,b40,-.00039493,2017
KAZ,2012-2017,FALSE,CONS,tot,-.54921338,2017
KAZ,2012-2017,FALSE,CONS,m50,-.65119486,2017
KAZ,2012-2017,FALSE,CONS,premium,.54881845,2017
KAZ,2013-2018,FALSE,CONS,b40,-.2983877,2017
KAZ,2013-2018,FALSE,CONS,tot,-.23033841,2017
KAZ,2013-2018,FALSE,CONS,m50,-.7585671,2017
KAZ,2013-2018,FALSE,CONS,premium,-.06804929,2017
KGZ,2006-2011,FALSE,CONS,b40,5.6797279,2017
KGZ,2006-2011,FALSE,CONS,tot,.68971787,2017
KGZ,2006-2011,FALSE,CONS,m50,3.4959201,2017
KGZ,2006-2011,FALSE,CONS,premium,4.9900101,2017
KGZ,2008-2012,FALSE,CONS,b40,1.1688058,2017
KGZ,2008-2012,FALSE,CONS,tot,-1.6272157,2017
KGZ,2008-2012,FALSE,CONS,m50,-.98587343,2017
KGZ,2008-2012,FALSE,CONS,premium,2.7960216,2017
KGZ,2009-2014,FALSE,CONS,b40,.36677089,2017
KGZ,2009-2014,FALSE,CONS,tot,-1.1279441,2017
KGZ,2009-2014,FALSE,CONS,m50,-.58960961,2017
KGZ,2009-2014,FALSE,CONS,premium,1.494715,2017
KGZ,2010-2015,FALSE,CONS,b40,.38930243,2017
KGZ,2010-2015,FALSE,CONS,tot,-.49552861,2017
KGZ,2010-2015,FALSE,CONS,m50,-.67071318,2017
KGZ,2010-2015,FALSE,CONS,premium,.88483104,2017
KGZ,2011-2016,FALSE,CONS,b40,.57827177,2017
KGZ,2011-2016,FALSE,CONS,tot,-.04549605,2017
KGZ,2011-2016,FALSE,CONS,m50,-.11986633,2017
KGZ,2011-2016,FALSE,CONS,premium,.62376782,2017
KGZ,2012-2017,FALSE,CONS,b40,.8592115,2017
KGZ,2012-2017,FALSE,CONS,tot,.79422252,2017
KGZ,2012-2017,FALSE,CONS,m50,.52024478,2017
KGZ,2012-2017,FALSE,CONS,premium,.06498898,2017
KGZ,2013-2018,FALSE,CONS,b40,3.1537405,2017
KGZ,2013-2018,FALSE,CONS,tot,2.4392534,2017
KGZ,2013-2018,FALSE,CONS,m50,2.5234692,2017
KGZ,2013-2018,FALSE,CONS,premium,.71448708,2017
KGZ,2014-2019,FALSE,CONS,b40,1.7961077,2017
KGZ,2014-2019,FALSE,CONS,tot,2.7189691,2017
KGZ,2014-2019,FALSE,CONS,m50,1.9552061,2017
KGZ,2014-2019,FALSE,CONS,premium,-.92286139,2017
KGZ,2015-2020,FALSE,CONS,b40,.76416696,2017
KGZ,2015-2020,FALSE,CONS,tot,1.1353011,2017
KGZ,2015-2020,FALSE,CONS,m50,1.2973559,2017
KGZ,2015-2020,FALSE,CONS,premium,-.37113416,2017
KOR,2012-2016,FALSE,INC,b40,2.5193102,2017
KOR,2012-2016,FALSE,INC,tot,2.2532175,2017
KOR,2012-2016,FALSE,INC,m50,2.1673515,2017
KOR,2012-2016,FALSE,INC,premium,.26609269,2017
LAO,2007-2012,FALSE,CONS,b40,4.2269615,2017
LAO,2007-2012,FALSE,CONS,tot,4.9349729,2017
LAO,2007-2012,FALSE,CONS,m50,5.0505298,2017
LAO,2007-2012,FALSE,CONS,premium,-.70801137,2017
LAO,2012-2018,FALSE,CONS,b40,1.908216,2017
LAO,2012-2018,FALSE,CONS,tot,3.0735145,2017
LAO,2012-2018,FALSE,CONS,m50,2.1887876,2017
LAO,2012-2018,FALSE,CONS,premium,-1.1652985,2017
LKA,2006-2009,FALSE,CONS,b40,3.3087345,2017
LKA,2006-2009,FALSE,CONS,tot,.24182956,2017
LKA,2006-2009,FALSE,CONS,m50,2.3492706,2017
LKA,2006-2009,FALSE,CONS,premium,3.0669049,2017
LKA,2006-2012,FALSE,CONS,b40,2.8237807,2017
LKA,2006-2012,FALSE,CONS,tot,2.323776,2017
LKA,2006-2012,FALSE,CONS,m50,2.6669999,2017
LKA,2006-2012,FALSE,CONS,premium,.50000462,2017
LKA,2009-2012,FALSE,CONS,b40,2.3411033,2017
LKA,2009-2012,FALSE,CONS,tot,4.4489629,2017
LKA,2009-2012,FALSE,CONS,m50,2.9857156,2017
LKA,2009-2012,FALSE,CONS,premium,-2.1078596,2017
LKA,2012-2016,FALSE,CONS,b40,3.6507495,2017
LKA,2012-2016,FALSE,CONS,tot,4.1187619,2017
LKA,2012-2016,FALSE,CONS,m50,4.076713,2017
LKA,2012-2016,FALSE,CONS,premium,-.46801242,2017
LTU,2006-2011,FALSE,INC,b40,1.0673247,2017
LTU,2006-2011,FALSE,INC,tot,.67092381,2017
LTU,2006-2011,FALSE,INC,m50,1.5713183,2017
LTU,2006-2011,FALSE,INC,premium,.39640094,2017
LTU,2007-2012,FALSE,INC,b40,-1.6629752,2017
LTU,2007-2012,FALSE,INC,tot,-1.243775,2017
LTU,2007-2012,FALSE,INC,m50,-1.1488453,2017
LTU,2007-2012,FALSE,INC,premium,-.4192002,2017
LTU,2009-2014,FALSE,INC,b40,4.1669832,2017
LTU,2009-2014,FALSE,INC,tot,3.8901408,2017
LTU,2009-2014,FALSE,INC,m50,3.2941289,2017
LTU,2009-2014,FALSE,INC,premium,.27684238,2017
LTU,2010-2015,FALSE,INC,b40,6.6540749,2017
LTU,2010-2015,FALSE,INC,tot,8.1048616,2017
LTU,2010-2015,FALSE,INC,m50,6.0500599,2017
LTU,2010-2015,FALSE,INC,premium,-1.4507867,2017
LTU,2012-2017,FALSE,INC,b40,6.3296145,2017
LTU,2012-2017,FALSE,INC,tot,7.4296298,2017
LTU,2012-2017,FALSE,INC,m50,6.6303806,2017
LTU,2012-2017,FALSE,INC,premium,-1.1000153,2017
LTU,2013-2018,FALSE,INC,b40,7.7381884,2017
LTU,2013-2018,FALSE,INC,tot,8.0166413,2017
LTU,2013-2018,FALSE,INC,m50,7.7833237,2017
LTU,2013-2018,FALSE,INC,premium,-.27845288,2017
LTU,2014-2019,FALSE,INC,b40,9.8894317,2017
LTU,2014-2019,FALSE,INC,tot,8.1969736,2017
LTU,2014-2019,FALSE,INC,m50,8.4023143,2017
LTU,2014-2019,FALSE,INC,premium,1.6924581,2017
LTU,2015-2020,FALSE,INC,b40,9.8894317,2017
LTU,2015-2020,FALSE,INC,tot,8.1969736,2017
LTU,2015-2020,FALSE,INC,m50,8.4023143,2017
LTU,2015-2020,FALSE,INC,premium,1.6924581,2017
LUX,2007-2012,FALSE,INC,b40,-2.6717498,2017
LUX,2007-2012,FALSE,INC,tot,-.54162909,2017
LUX,2007-2012,FALSE,INC,m50,-1.43659,2017
LUX,2007-2012,FALSE,INC,premium,-2.1301207,2017
LUX,2009-2014,FALSE,INC,b40,-.09238833,2017
LUX,2009-2014,FALSE,INC,tot,-.28124139,2017
LUX,2009-2014,FALSE,INC,m50,-.50065023,2017
LUX,2009-2014,FALSE,INC,premium,.18885306,2017
LUX,2010-2015,FALSE,INC,b40,-2.4454623,2017
LUX,2010-2015,FALSE,INC,tot,-1.2667915,2017
LUX,2010-2015,FALSE,INC,m50,-1.7311279,2017
LUX,2010-2015,FALSE,INC,premium,-1.1786708,2017
LUX,2012-2017,FALSE,INC,b40,-.07817382,2017
LUX,2012-2017,FALSE,INC,tot,.32617004,2017
LUX,2012-2017,FALSE,INC,m50,.53758381,2017
LUX,2012-2017,FALSE,INC,premium,-.40434386,2017
LUX,2013-2018,FALSE,INC,b40,.1970837,2017
LUX,2013-2018,FALSE,INC,tot,1.5552989,2017
LUX,2013-2018,FALSE,INC,m50,.77201334,2017
LUX,2013-2018,FALSE,INC,premium,-1.3582152,2017
LUX,2014-2019,FALSE,INC,b40,-.68164688,2017
LUX,2014-2019,FALSE,INC,tot,1.3389272,2017
LUX,2014-2019,FALSE,INC,m50,.58601482,2017
LUX,2014-2019,FALSE,INC,premium,-2.0205741,2017
LUX,2015-2020,FALSE,INC,b40,-.68164688,2017
LUX,2015-2020,FALSE,INC,tot,1.3389272,2017
LUX,2015-2020,FALSE,INC,m50,.58601482,2017
LUX,2015-2020,FALSE,INC,premium,-2.0205741,2017
LVA,2006-2011,FALSE,INC,b40,.0046429,2017
LVA,2006-2011,FALSE,INC,tot,.10676693,2017
LVA,2006-2011,FALSE,INC,m50,.76382311,2017
LVA,2006-2011,FALSE,INC,premium,-.10212403,2017
LVA,2007-2012,FALSE,INC,b40,-3.2285021,2017
LVA,2007-2012,FALSE,INC,tot,-4.5126238,2017
LVA,2007-2012,FALSE,INC,m50,-3.8238863,2017
LVA,2007-2012,FALSE,INC,premium,1.2841217,2017
LVA,2009-2014,FALSE,INC,b40,4.4291109,2017
LVA,2009-2014,FALSE,INC,tot,3.7647134,2017
LVA,2009-2014,FALSE,INC,m50,3.5340722,2017
LVA,2009-2014,FALSE,INC,premium,.66439753,2017
LVA,2010-2015,FALSE,INC,b40,7.518859,2017
LVA,2010-2015,FALSE,INC,tot,6.4741206,2017
LVA,2010-2015,FALSE,INC,m50,5.4943361,2017
LVA,2010-2015,FALSE,INC,premium,1.0447384,2017
LVA,2012-2017,FALSE,INC,b40,7.9060057,2017
LVA,2012-2017,FALSE,INC,tot,8.2318876,2017
LVA,2012-2017,FALSE,INC,m50,8.2094077,2017
LVA,2012-2017,FALSE,INC,premium,-.32588189,2017
LVA,2013-2018,FALSE,INC,b40,8.0969996,2017
LVA,2013-2018,FALSE,INC,tot,7.8812432,2017
LVA,2013-2018,FALSE,INC,m50,8.1944824,2017
LVA,2013-2018,FALSE,INC,premium,.21575639,2017
LVA,2014-2019,FALSE,INC,b40,7.1914366,2017
LVA,2014-2019,FALSE,INC,tot,6.713758,2017
LVA,2014-2019,FALSE,INC,m50,6.9629893,2017
LVA,2014-2019,FALSE,INC,premium,.47767861,2017
LVA,2015-2020,FALSE,INC,b40,7.1914366,2017
LVA,2015-2020,FALSE,INC,tot,6.713758,2017
LVA,2015-2020,FALSE,INC,m50,6.9629893,2017
LVA,2015-2020,FALSE,INC,premium,.47767861,2017
MDA,2006-2011,FALSE,CONS,b40,5.6744893,2017
MDA,2006-2011,FALSE,CONS,tot,2.8932458,2017
MDA,2006-2011,FALSE,CONS,m50,3.8526189,2017
MDA,2006-2011,FALSE,CONS,premium,2.7812435,2017
MDA,2008-2013,FALSE,CONS,b40,4.9749353,2017
MDA,2008-2013,FALSE,CONS,tot,1.7938186,2017
MDA,2008-2013,FALSE,CONS,m50,3.1342971,2017
MDA,2008-2013,FALSE,CONS,premium,3.1811167,2017
MDA,2009-2014,FALSE,CONS,b40,4.8235011,2017
MDA,2009-2014,FALSE,CONS,tot,1.3115578,2017
MDA,2009-2014,FALSE,CONS,m50,2.2586803,2017
MDA,2009-2014,FALSE,CONS,premium,3.5119432,2017
MDA,2010-2015,FALSE,CONS,b40,4.1325117,2017
MDA,2010-2015,FALSE,CONS,tot,1.5329444,2017
MDA,2010-2015,FALSE,CONS,m50,2.5186654,2017
MDA,2010-2015,FALSE,CONS,premium,2.5995673,2017
MDA,2011-2016,FALSE,CONS,b40,2.8243841,2017
MDA,2011-2016,FALSE,CONS,tot,.41918793,2017
MDA,2011-2016,FALSE,CONS,m50,1.0197985,2017
MDA,2011-2016,FALSE,CONS,premium,2.4051961,2017
MDA,2012-2017,FALSE,CONS,b40,2.6063962,2017
MDA,2012-2017,FALSE,CONS,tot,.97061734,2017
MDA,2012-2017,FALSE,CONS,m50,1.42417,2017
MDA,2012-2017,FALSE,CONS,premium,1.6357788,2017
MDA,2013-2018,FALSE,CONS,b40,1.8968828,2017
MDA,2013-2018,FALSE,CONS,tot,.32212354,2017
MDA,2013-2018,FALSE,CONS,m50,.62347924,2017
MDA,2013-2018,FALSE,CONS,premium,1.5747593,2017
MDA,2014-2019,FALSE,CONS,b40,1.7071924,2017
MDA,2014-2019,FALSE,CONS,tot,1.1812211,2017
MDA,2014-2019,FALSE,CONS,m50,1.2386572,2017
MDA,2014-2019,FALSE,CONS,premium,.52597133,2017
MDG,2005-2010,FALSE,CONS,b40,-4.1331573,2017
MDG,2005-2010,FALSE,CONS,tot,-2.7459908,2017
MDG,2005-2010,FALSE,CONS,m50,-3.4382262,2017
MDG,2005-2010,FALSE,CONS,premium,-1.3871665,2017
MDG,2010-2012,FALSE,CONS,b40,-3.4627993,2017
MDG,2010-2012,FALSE,CONS,tot,-2.2716482,2017
MDG,2010-2012,FALSE,CONS,m50,-2.0176081,2017
MDG,2010-2012,FALSE,CONS,premium,-1.1911511,2017
MEX,2008-2012,FALSE,INC,b40,1.709225,2017
MEX,2008-2012,FALSE,INC,tot,.19609711,2017
MEX,2008-2012,FALSE,INC,m50,.2578364,2017
MEX,2008-2012,FALSE,INC,premium,1.5131279,2017
MEX,2010-2014,FALSE,INC,b40,.50507414,2017
MEX,2010-2014,FALSE,INC,tot,.7413989,2017
MEX,2010-2014,FALSE,INC,m50,-.35604304,2017
MEX,2010-2014,FALSE,INC,premium,-.23632476,2017
MEX,2016-2020,FALSE,INC,b40,.70141219,2017
MEX,2016-2020,FALSE,INC,tot,-.68119953,2017
MEX,2016-2020,FALSE,INC,m50,.67657328,2017
MEX,2016-2020,FALSE,INC,premium,1.3826117,2017
MKD,2009-2014,FALSE,INC,b40,6.3305861,2017
MKD,2009-2014,FALSE,INC,tot,1.947878,2017
MKD,2009-2014,FALSE,INC,m50,3.802937,2017
MKD,2009-2014,FALSE,INC,premium,4.3827081,2017
MKD,2010-2014,FALSE,INC,b40,7.102486,2017
MKD,2010-2014,FALSE,INC,tot,2.4411582,2017
MKD,2010-2014,FALSE,INC,m50,2.8246011,2017
MKD,2010-2014,FALSE,INC,premium,4.6613278,2017
MKD,2010-2015,FALSE,INC,b40,6.4528441,2017
MKD,2010-2015,FALSE,INC,tot,2.919118,2017
MKD,2010-2015,FALSE,INC,m50,3.3140643,2017
MKD,2010-2015,FALSE,INC,premium,3.5337261,2017
MKD,2012-2017,FALSE,INC,b40,7.059101,2017
MKD,2012-2017,FALSE,INC,tot,4.3123986,2017
MKD,2012-2017,FALSE,INC,m50,5.7887688,2017
MKD,2012-2017,FALSE,INC,premium,2.7467024,2017
MKD,2013-2018,FALSE,INC,b40,7.0283474,2017
MKD,2013-2018,FALSE,INC,tot,4.9314472,2017
MKD,2013-2018,FALSE,INC,m50,6.6257777,2017
MKD,2013-2018,FALSE,INC,premium,2.0969001,2017
MKD,2014-2019,FALSE,INC,b40,7.0283474,2017
MKD,2014-2019,FALSE,INC,tot,4.9314472,2017
MKD,2014-2019,FALSE,INC,m50,6.6257777,2017
MKD,2014-2019,FALSE,INC,premium,2.0969001,2017
MLI,2006-2009,FALSE,CONS,b40,2.4944751,2017
MLI,2006-2009,FALSE,CONS,tot,-1.4853974,2017
MLI,2006-2009,FALSE,CONS,m50,.62272787,2017
MLI,2006-2009,FALSE,CONS,premium,3.9798725,2017
MLT,2009-2014,FALSE,INC,b40,4.5194959,2017
MLT,2009-2014,FALSE,INC,tot,3.6693905,2017
MLT,2009-2014,FALSE,INC,m50,3.9711133,2017
MLT,2009-2014,FALSE,INC,premium,.85010542,2017
MLT,2010-2015,FALSE,INC,b40,3.5664228,2017
MLT,2010-2015,FALSE,INC,tot,3.4785922,2017
MLT,2010-2015,FALSE,INC,m50,3.1414601,2017
MLT,2010-2015,FALSE,INC,premium,.08783056,2017
MLT,2012-2017,FALSE,INC,b40,3.7963025,2017
MLT,2012-2017,FALSE,INC,tot,3.7386157,2017
MLT,2012-2017,FALSE,INC,m50,3.9248546,2017
MLT,2012-2017,FALSE,INC,premium,.05768672,2017
MLT,2013-2018,FALSE,INC,b40,3.0232981,2017
MLT,2013-2018,FALSE,INC,tot,3.1314126,2017
MLT,2013-2018,FALSE,INC,m50,3.2739117,2017
MLT,2013-2018,FALSE,INC,premium,-.10811448,2017
MLT,2014-2019,FALSE,INC,b40,2.9339936,2017
MLT,2014-2019,FALSE,INC,tot,3.7385726,2017
MLT,2014-2019,FALSE,INC,m50,2.7348062,2017
MLT,2014-2019,FALSE,INC,premium,-.80457898,2017
MLT,2015-2020,FALSE,INC,b40,2.9339936,2017
MLT,2015-2020,FALSE,INC,tot,3.7385726,2017
MLT,2015-2020,FALSE,INC,m50,2.7348062,2017
MLT,2015-2020,FALSE,INC,premium,-.80457898,2017
MMR,2015-2017,FALSE,CONS,b40,9.4600778,2017
MMR,2015-2017,FALSE,CONS,tot,1.2782104,2017
MMR,2015-2017,FALSE,CONS,m50,7.1176182,2017
MMR,2015-2017,FALSE,CONS,premium,8.1818675,2017
MNE,2006-2011,FALSE,CONS,b40,2.4410204,2017
MNE,2006-2011,FALSE,CONS,tot,2.4675883,2017
MNE,2006-2011,FALSE,CONS,m50,2.3927827,2017
MNE,2006-2011,FALSE,CONS,premium,-.02656781,2017
MNE,2008-2013,FALSE,CONS,b40,-4.8202847,2017
MNE,2008-2013,FALSE,CONS,tot,-3.5915968,2017
MNE,2008-2013,FALSE,CONS,m50,-3.9629598,2017
MNE,2008-2013,FALSE,CONS,premium,-1.2286878,2017
MNE,2009-2014,FALSE,CONS,b40,-2.7283979,2017
MNE,2009-2014,FALSE,CONS,tot,-2.265184,2017
MNE,2009-2014,FALSE,CONS,m50,-2.4855406,2017
MNE,2009-2014,FALSE,CONS,premium,-.4632139,2017
MNE,2012-2015,FALSE,INC,b40,4.7234773,2017
MNE,2012-2015,FALSE,INC,tot,1.3495167,2017
MNE,2012-2015,FALSE,INC,m50,2.7021105,2017
MNE,2012-2015,FALSE,INC,premium,3.3739606,2017
MNE,2012-2016,FALSE,INC,b40,6.3060816,2017
MNE,2012-2016,FALSE,INC,tot,3.1558585,2017
MNE,2012-2016,FALSE,INC,m50,4.2719525,2017
MNE,2012-2016,FALSE,INC,premium,3.1502231,2017
MNE,2013-2018,FALSE,INC,b40,3.4292099,2017
MNE,2013-2018,FALSE,INC,tot,1.8953225,2017
MNE,2013-2018,FALSE,INC,m50,3.1194893,2017
MNE,2013-2018,FALSE,INC,premium,1.5338873,2017
MNE,2014-2019,FALSE,INC,b40,3.4292099,2017
MNE,2014-2019,FALSE,INC,tot,1.8953225,2017
MNE,2014-2019,FALSE,INC,m50,3.1194893,2017
MNE,2014-2019,FALSE,INC,premium,1.5338873,2017
MNG,2010-2014,FALSE,CONS,b40,8.1671097,2017
MNG,2010-2014,FALSE,CONS,tot,7.1935027,2017
MNG,2010-2014,FALSE,CONS,m50,7.5429938,2017
MNG,2010-2014,FALSE,CONS,premium,.97360698,2017
MNG,2010-2016,FALSE,CONS,b40,1.9216015,2017
MNG,2010-2016,FALSE,CONS,tot,1.4883176,2017
MNG,2010-2016,FALSE,CONS,m50,1.7261331,2017
MNG,2010-2016,FALSE,CONS,premium,.43328382,2017
MNG,2011-2016,FALSE,CONS,b40,.56377396,2017
MNG,2011-2016,FALSE,CONS,tot,-.14672506,2017
MNG,2011-2016,FALSE,CONS,m50,.58241872,2017
MNG,2011-2016,FALSE,CONS,premium,.71049902,2017
MNG,2011-2018,FALSE,CONS,b40,1.1084508,2017
MNG,2011-2018,FALSE,CONS,tot,.77400072,2017
MNG,2011-2018,FALSE,CONS,m50,1.12471,2017
MNG,2011-2018,FALSE,CONS,premium,.33445005,2017
MNG,2014-2018,FALSE,CONS,b40,-3.6991263,2017
MNG,2014-2018,FALSE,CONS,tot,-3.1471061,2017
MNG,2014-2018,FALSE,CONS,m50,-3.4139636,2017
MNG,2014-2018,FALSE,CONS,premium,-.55202022,2017
MOZ,2002-2008,FALSE,CONS,b40,2.9886614,2017
MOZ,2002-2008,FALSE,CONS,tot,3.0014201,2017
MOZ,2002-2008,FALSE,CONS,m50,3.8604363,2017
MOZ,2002-2008,FALSE,CONS,premium,-.01275872,2017
MOZ,2008-2014,FALSE,CONS,b40,1.5229246,2017
MOZ,2008-2014,FALSE,CONS,tot,5.3569762,2017
MOZ,2008-2014,FALSE,CONS,m50,1.7586355,2017
MOZ,2008-2014,FALSE,CONS,premium,-3.8340516,2017
MRT,2008-2014,FALSE,CONS,b40,3.3547463,2017
MRT,2008-2014,FALSE,CONS,tot,1.562279,2017
MRT,2008-2014,FALSE,CONS,m50,2.1001835,2017
MRT,2008-2014,FALSE,CONS,premium,1.7924673,2017
MUS,2006-2012,FALSE,CONS,b40,1.234109,2017
MUS,2006-2012,FALSE,CONS,tot,2.3203037,2017
MUS,2006-2012,FALSE,CONS,m50,1.6527688,2017
MUS,2006-2012,FALSE,CONS,premium,-1.0861947,2017
MUS,2012-2017,FALSE,CONS,b40,2.7135391,2017
MUS,2012-2017,FALSE,CONS,tot,2.015189,2017
MUS,2012-2017,FALSE,CONS,m50,2.5558423,2017
MUS,2012-2017,FALSE,CONS,premium,.69835013,2017
MWI,2004-2010,FALSE,CONS,b40,-2.2071714,2017
MWI,2004-2010,FALSE,CONS,tot,.64232989,2017
MWI,2004-2010,FALSE,CONS,m50,-.72699202,2017
MWI,2004-2010,FALSE,CONS,premium,-2.8495013,2017
MWI,2010-2016,FALSE,CONS,b40,3.0517295,2017
MWI,2010-2016,FALSE,CONS,tot,1.5689783,2017
MWI,2010-2016,FALSE,CONS,m50,1.3996096,2017
MWI,2010-2016,FALSE,CONS,premium,1.4827512,2017
MWI,2016-2019,FALSE,CONS,b40,-2.9563977,2017
MWI,2016-2019,FALSE,CONS,tot,-6.1074509,2017
MWI,2016-2019,FALSE,CONS,m50,-2.3959769,2017
MWI,2016-2019,FALSE,CONS,premium,3.1510532,2017
MYS,2011-2015,FALSE,INC,b40,7.0116722,2017
MYS,2011-2015,FALSE,INC,tot,4.9743378,2017
MYS,2011-2015,FALSE,INC,m50,6.0232555,2017
MYS,2011-2015,FALSE,INC,premium,2.0373344,2017
NAM,2003-2009,FALSE,CONS,b40,3.2522567,2017
NAM,2003-2009,FALSE,CONS,tot,1.9766839,2017
NAM,2003-2009,FALSE,CONS,m50,3.3731116,2017
NAM,2003-2009,FALSE,CONS,premium,1.2755728,2017
NAM,2009-2015,FALSE,CONS,b40,5.7348452,2017
NAM,2009-2015,FALSE,CONS,tot,6.6430858,2017
NAM,2009-2015,FALSE,CONS,m50,8.667663,2017
NAM,2009-2015,FALSE,CONS,premium,-.90824052,2017
NER,2007-2014,FALSE,CONS,b40,5.8312972,2017
NER,2007-2014,FALSE,CONS,tot,5.4241814,2017
NER,2007-2014,FALSE,CONS,m50,6.601698,2017
NER,2007-2014,FALSE,CONS,premium,.40711579,2017
NER,2011-2014,FALSE,CONS,b40,-.05607496,2017
NER,2011-2014,FALSE,CONS,tot,3.2609954,2017
NER,2011-2014,FALSE,CONS,m50,2.4855939,2017
NER,2011-2014,FALSE,CONS,premium,-3.3170704,2017
NIC,2005-2009,FALSE,INC,b40,2.1974047,2017
NIC,2005-2009,FALSE,INC,tot,-.61850712,2017
NIC,2005-2009,FALSE,INC,m50,1.9192861,2017
NIC,2005-2009,FALSE,INC,premium,2.8159118,2017
NIC,2009-2014,FALSE,INC,b40,5.6398087,2017
NIC,2009-2014,FALSE,INC,tot,6.5214173,2017
NIC,2009-2014,FALSE,INC,m50,6.1974625,2017
NIC,2009-2014,FALSE,INC,premium,-.88160858,2017
NLD,2007-2012,FALSE,INC,b40,-.0091648,2017
NLD,2007-2012,FALSE,INC,tot,-.98834862,2017
NLD,2007-2012,FALSE,INC,m50,-.4481377,2017
NLD,2007-2012,FALSE,INC,premium,.97918381,2017
NLD,2009-2014,FALSE,INC,b40,-.72329326,2017
NLD,2009-2014,FALSE,INC,tot,-.76565822,2017
NLD,2009-2014,FALSE,INC,m50,-1.0788356,2017
NLD,2009-2014,FALSE,INC,premium,.04236496,2017
NLD,2010-2015,FALSE,INC,b40,.95012668,2017
NLD,2010-2015,FALSE,INC,tot,.65536772,2017
NLD,2010-2015,FALSE,INC,m50,.35349883,2017
NLD,2010-2015,FALSE,INC,premium,.29475895,2017
NLD,2012-2017,FALSE,INC,b40,1.5268165,2017
NLD,2012-2017,FALSE,INC,tot,1.8929938,2017
NLD,2012-2017,FALSE,INC,m50,1.7349376,2017
NLD,2012-2017,FALSE,INC,premium,-.36617734,2017
NLD,2013-2018,FALSE,INC,b40,2.6659704,2017
NLD,2013-2018,FALSE,INC,tot,2.4379846,2017
NLD,2013-2018,FALSE,INC,m50,2.5823464,2017
NLD,2013-2018,FALSE,INC,premium,.22798586,2017
NLD,2014-2019,FALSE,INC,b40,2.5733123,2017
NLD,2014-2019,FALSE,INC,tot,2.8073897,2017
NLD,2014-2019,FALSE,INC,m50,2.8456607,2017
NLD,2014-2019,FALSE,INC,premium,-.23407742,2017
NLD,2015-2020,FALSE,INC,b40,2.5733123,2017
NLD,2015-2020,FALSE,INC,tot,2.8073897,2017
NLD,2015-2020,FALSE,INC,m50,2.8456607,2017
NLD,2015-2020,FALSE,INC,premium,-.23407742,2017
NOR,2007-2012,FALSE,INC,b40,3.1661609,2017
NOR,2007-2012,FALSE,INC,tot,2.3856035,2017
NOR,2007-2012,FALSE,INC,m50,2.977919,2017
NOR,2007-2012,FALSE,INC,premium,.78055738,2017
NOR,2009-2014,FALSE,INC,b40,2.5313205,2017
NOR,2009-2014,FALSE,INC,tot,2.8167338,2017
NOR,2009-2014,FALSE,INC,m50,2.8229769,2017
NOR,2009-2014,FALSE,INC,premium,-.28541332,2017
NOR,2010-2015,FALSE,INC,b40,2.1183162,2017
NOR,2010-2015,FALSE,INC,tot,2.9587267,2017
NOR,2010-2015,FALSE,INC,m50,2.6983428,2017
NOR,2010-2015,FALSE,INC,premium,-.84041054,2017
NOR,2012-2017,FALSE,INC,b40,.43774874,2017
NOR,2012-2017,FALSE,INC,tot,1.0205511,2017
NOR,2012-2017,FALSE,INC,m50,.87048617,2017
NOR,2012-2017,FALSE,INC,premium,-.5828024,2017
NOR,2013-2018,FALSE,INC,b40,-.50905872,2017
NOR,2013-2018,FALSE,INC,tot,.1569691,2017
NOR,2013-2018,FALSE,INC,m50,-.01469186,2017
NOR,2013-2018,FALSE,INC,premium,-.66602781,2017
NOR,2014-2019,FALSE,INC,b40,-.23769038,2017
NOR,2014-2019,FALSE,INC,tot,.35552658,2017
NOR,2014-2019,FALSE,INC,m50,.15986602,2017
NOR,2014-2019,FALSE,INC,premium,-.59321696,2017
NOR,2015-2020,FALSE,INC,b40,-.23769038,2017
NOR,2015-2020,FALSE,INC,tot,.35552658,2017
NOR,2015-2020,FALSE,INC,m50,.15986602,2017
NOR,2015-2020,FALSE,INC,premium,-.59321696,2017
NPL,2003-2010,FALSE,CONS,b40,8.2831202,2017
NPL,2003-2010,FALSE,CONS,tot,4.6805007,2017
NPL,2003-2010,FALSE,CONS,m50,7.6186007,2017
NPL,2003-2010,FALSE,CONS,premium,3.6026195,2017
PAK,2004-2010,FALSE,CONS,b40,3.0035369,2017
PAK,2004-2010,FALSE,CONS,tot,2.1917808,2017
PAK,2004-2010,FALSE,CONS,m50,2.6408833,2017
PAK,2004-2010,FALSE,CONS,premium,.8117561,2017
PAK,2005-2010,FALSE,CONS,b40,3.4685135,2017
PAK,2005-2010,FALSE,CONS,tot,2.4828151,2017
PAK,2005-2010,FALSE,CONS,m50,3.1705244,2017
PAK,2005-2010,FALSE,CONS,premium,.9856984,2017
PAK,2007-2013,FALSE,CONS,b40,2.6319617,2017
PAK,2007-2013,FALSE,CONS,tot,2.7300814,2017
PAK,2007-2013,FALSE,CONS,m50,3.0352645,2017
PAK,2007-2013,FALSE,CONS,premium,-.09811973,2017
PAK,2010-2015,FALSE,CONS,b40,2.457489,2017
PAK,2010-2015,FALSE,CONS,tot,3.5669656,2017
PAK,2010-2015,FALSE,CONS,m50,2.8594749,2017
PAK,2010-2015,FALSE,CONS,premium,-1.1094766,2017
PAK,2013-2018,FALSE,CONS,b40,1.3358532,2017
PAK,2013-2018,FALSE,CONS,tot,1.2496502,2017
PAK,2013-2018,FALSE,CONS,m50,.99620604,2017
PAK,2013-2018,FALSE,CONS,premium,.08620303,2017
PAN,2008-2011,FALSE,INC,b40,6.2617791,2017
PAN,2008-2011,FALSE,INC,tot,4.3578992,2017
PAN,2008-2011,FALSE,INC,m50,5.2198669,2017
PAN,2008-2011,FALSE,INC,premium,1.9038799,2017
PAN,2008-2012,FALSE,INC,b40,4.305569,2017
PAN,2008-2012,FALSE,INC,tot,3.5622306,2017
PAN,2008-2012,FALSE,INC,m50,4.0808597,2017
PAN,2008-2012,FALSE,INC,premium,.74333843,2017
PAN,2009-2014,FALSE,INC,b40,4.1475266,2017
PAN,2009-2014,FALSE,INC,tot,3.6072432,2017
PAN,2009-2014,FALSE,INC,m50,4.786234,2017
PAN,2009-2014,FALSE,INC,premium,.54028343,2017
PAN,2010-2015,FALSE,INC,b40,5.5340244,2017
PAN,2010-2015,FALSE,INC,tot,4.9547876,2017
PAN,2010-2015,FALSE,INC,m50,5.355498,2017
PAN,2010-2015,FALSE,INC,premium,.57923679,2017
PAN,2011-2016,FALSE,INC,b40,3.9723133,2017
PAN,2011-2016,FALSE,INC,tot,3.8712497,2017
PAN,2011-2016,FALSE,INC,m50,4.408571,2017
PAN,2011-2016,FALSE,INC,premium,.1010636,2017
PAN,2012-2017,FALSE,INC,b40,4.6468701,2017
PAN,2012-2017,FALSE,INC,tot,3.5059567,2017
PAN,2012-2017,FALSE,INC,m50,4.7604645,2017
PAN,2012-2017,FALSE,INC,premium,1.1409134,2017
PAN,2013-2018,FALSE,INC,b40,5.2862502,2017
PAN,2013-2018,FALSE,INC,tot,3.869626,2017
PAN,2013-2018,FALSE,INC,m50,4.8670365,2017
PAN,2013-2018,FALSE,INC,premium,1.4166242,2017
PAN,2014-2019,FALSE,INC,b40,4.9698221,2017
PAN,2014-2019,FALSE,INC,tot,4.4749681,2017
PAN,2014-2019,FALSE,INC,m50,4.5516908,2017
PAN,2014-2019,FALSE,INC,premium,.49485399,2017
PER,2006-2011,FALSE,INC,b40,9.8918071,2017
PER,2006-2011,FALSE,INC,tot,5.6417925,2017
PER,2006-2011,FALSE,INC,m50,8.1662312,2017
PER,2006-2011,FALSE,INC,premium,4.2500146,2017
PER,2007-2012,FALSE,INC,b40,8.4608955,2017
PER,2007-2012,FALSE,INC,tot,4.3102375,2017
PER,2007-2012,FALSE,INC,m50,6.6930944,2017
PER,2007-2012,FALSE,INC,premium,4.150658,2017
PER,2009-2014,FALSE,INC,b40,5.6346998,2017
PER,2009-2014,FALSE,INC,tot,3.0004877,2017
PER,2009-2014,FALSE,INC,m50,4.4907045,2017
PER,2009-2014,FALSE,INC,premium,2.6342121,2017
PER,2011-2016,FALSE,INC,b40,3.063051,2017
PER,2011-2016,FALSE,INC,tot,2.2410955,2017
PER,2011-2016,FALSE,INC,m50,2.232791,2017
PER,2011-2016,FALSE,INC,premium,.82195548,2017
PER,2012-2017,FALSE,INC,b40,1.7338547,2017
PER,2012-2017,FALSE,INC,tot,.90015688,2017
PER,2012-2017,FALSE,INC,m50,.91725717,2017
PER,2012-2017,FALSE,INC,premium,.83369782,2017
PER,2013-2018,FALSE,INC,b40,2.4206968,2017
PER,2013-2018,FALSE,INC,tot,1.2491616,2017
PER,2013-2018,FALSE,INC,m50,1.394964,2017
PER,2013-2018,FALSE,INC,premium,1.1715352,2017
PER,2014-2019,FALSE,INC,b40,2.6325907,2017
PER,2014-2019,FALSE,INC,tot,1.4047839,2017
PER,2014-2019,FALSE,INC,m50,1.6256783,2017
PER,2014-2019,FALSE,INC,premium,1.2278068,2017
PER,2015-2020,FALSE,INC,b40,-3.7369775,2017
PER,2015-2020,FALSE,INC,tot,-3.4359656,2017
PER,2015-2020,FALSE,INC,m50,-3.7617632,2017
PER,2015-2020,FALSE,INC,premium,-.3010119,2017
PHL,2006-2012,FALSE,CONS,b40,.96866743,2017
PHL,2006-2012,FALSE,CONS,tot,.55074447,2017
PHL,2006-2012,FALSE,CONS,m50,.73443739,2017
PHL,2006-2012,FALSE,CONS,premium,.41792296,2017
PHL,2009-2015,FALSE,INC,b40,2.764557,2017
PHL,2009-2015,FALSE,INC,tot,1.8294853,2017
PHL,2009-2015,FALSE,INC,m50,2.4644306,2017
PHL,2009-2015,FALSE,INC,premium,.93507168,2017
PHL,2012-2015,FALSE,INC,b40,5.1841984,2017
PHL,2012-2015,FALSE,INC,tot,2.8660057,2017
PHL,2012-2015,FALSE,INC,m50,4.183989,2017
PHL,2012-2015,FALSE,INC,premium,2.3181927,2017
PHL,2015-2018,FALSE,INC,b40,6.0694508,2017
PHL,2015-2018,FALSE,INC,tot,3.346074,2017
PHL,2015-2018,FALSE,INC,m50,4.783102,2017
PHL,2015-2018,FALSE,INC,premium,2.7233768,2017
POL,2006-2011,FALSE,CONS,b40,3.3835817,2017
POL,2006-2011,FALSE,CONS,tot,2.8677542,2017
POL,2006-2011,FALSE,CONS,m50,3.2934306,2017
POL,2006-2011,FALSE,CONS,premium,.51582752,2017
POL,2007-2012,FALSE,CONS,b40,2.0641493,2017
POL,2007-2012,FALSE,CONS,tot,1.5124584,2017
POL,2007-2012,FALSE,CONS,m50,1.8131749,2017
POL,2007-2012,FALSE,CONS,premium,.55169091,2017
POL,2007-2012,FALSE,INC,b40,2.6374043,2017
POL,2007-2012,FALSE,INC,tot,2.333125,2017
POL,2007-2012,FALSE,INC,m50,2.8188503,2017
POL,2007-2012,FALSE,INC,premium,.30427925,2017
POL,2009-2014,FALSE,INC,b40,1.6151557,2017
POL,2009-2014,FALSE,INC,tot,1.4911535,2017
POL,2009-2014,FALSE,INC,m50,1.8490007,2017
POL,2009-2014,FALSE,INC,premium,.1240022,2017
POL,2010-2015,FALSE,INC,b40,2.5410376,2017
POL,2010-2015,FALSE,INC,tot,2.0977583,2017
POL,2010-2015,FALSE,INC,m50,2.734594,2017
POL,2010-2015,FALSE,INC,premium,.44327932,2017
POL,2012-2017,FALSE,INC,b40,6.0139035,2017
POL,2012-2017,FALSE,INC,tot,4.0176006,2017
POL,2012-2017,FALSE,INC,m50,4.6688339,2017
POL,2012-2017,FALSE,INC,premium,1.9963029,2017
POL,2013-2018,FALSE,INC,b40,6.8670171,2017
POL,2013-2018,FALSE,INC,tot,5.0062619,2017
POL,2013-2018,FALSE,INC,m50,5.3380671,2017
POL,2013-2018,FALSE,INC,premium,1.8607552,2017
POL,2014-2019,FALSE,INC,b40,6.8670171,2017
POL,2014-2019,FALSE,INC,tot,5.0062619,2017
POL,2014-2019,FALSE,INC,m50,5.3380671,2017
POL,2014-2019,FALSE,INC,premium,1.8607552,2017
PRT,2007-2012,FALSE,INC,b40,-1.9880085,2017
PRT,2007-2012,FALSE,INC,tot,-2.1333576,2017
PRT,2007-2012,FALSE,INC,m50,-1.5274358,2017
PRT,2007-2012,FALSE,INC,premium,.14534912,2017
PRT,2009-2014,FALSE,INC,b40,-2.5863763,2017
PRT,2009-2014,FALSE,INC,tot,-2.0896709,2017
PRT,2009-2014,FALSE,INC,m50,-1.8320282,2017
PRT,2009-2014,FALSE,INC,premium,-.49670542,2017
PRT,2010-2015,FALSE,INC,b40,-.87038834,2017
PRT,2010-2015,FALSE,INC,tot,-.73549499,2017
PRT,2010-2015,FALSE,INC,m50,-.17749874,2017
PRT,2010-2015,FALSE,INC,premium,-.13489335,2017
PRT,2012-2017,FALSE,INC,b40,3.3235985,2017
PRT,2012-2017,FALSE,INC,tot,1.9963363,2017
PRT,2012-2017,FALSE,INC,m50,2.3512969,2017
PRT,2012-2017,FALSE,INC,premium,1.3272622,2017
PRT,2013-2018,FALSE,INC,b40,5.0714846,2017
PRT,2013-2018,FALSE,INC,tot,3.1506932,2017
PRT,2013-2018,FALSE,INC,m50,3.4028362,2017
PRT,2013-2018,FALSE,INC,premium,1.9207913,2017
PRT,2014-2019,FALSE,INC,b40,5.9405013,2017
PRT,2014-2019,FALSE,INC,tot,4.1645719,2017
PRT,2014-2019,FALSE,INC,m50,4.5058138,2017
PRT,2014-2019,FALSE,INC,premium,1.7759294,2017
PRT,2015-2020,FALSE,INC,b40,5.9405013,2017
PRT,2015-2020,FALSE,INC,tot,4.1645719,2017
PRT,2015-2020,FALSE,INC,m50,4.5058138,2017
PRT,2015-2020,FALSE,INC,premium,1.7759294,2017
PRY,2006-2011,FALSE,INC,b40,5.4839982,2017
PRY,2006-2011,FALSE,INC,tot,5.365929,2017
PRY,2006-2011,FALSE,INC,m50,6.0837429,2017
PRY,2006-2011,FALSE,INC,premium,.11806917,2017
PRY,2007-2012,FALSE,INC,b40,6.5953468,2017
PRY,2007-2012,FALSE,INC,tot,3.7823894,2017
PRY,2007-2012,FALSE,INC,m50,6.6673561,2017
PRY,2007-2012,FALSE,INC,premium,2.8129574,2017
PRY,2009-2014,FALSE,INC,b40,7.1345738,2017
PRY,2009-2014,FALSE,INC,tot,7.261266,2017
PRY,2009-2014,FALSE,INC,m50,6.3299053,2017
PRY,2009-2014,FALSE,INC,premium,-.12669224,2017
PRY,2009-2015,FALSE,INC,b40,5.9722311,2017
PRY,2009-2015,FALSE,INC,tot,5.0257916,2017
PRY,2009-2015,FALSE,INC,m50,5.1840156,2017
PRY,2009-2015,FALSE,INC,premium,.94643951,2017
PRY,2011-2016,FALSE,INC,b40,4.900357,2017
PRY,2011-2016,FALSE,INC,tot,1.6491676,2017
PRY,2011-2016,FALSE,INC,m50,2.7662463,2017
PRY,2011-2016,FALSE,INC,premium,3.2511894,2017
PRY,2012-2017,FALSE,INC,b40,3.5587563,2017
PRY,2012-2017,FALSE,INC,tot,2.8490856,2017
PRY,2012-2017,FALSE,INC,m50,1.4313247,2017
PRY,2012-2017,FALSE,INC,premium,.7096707,2017
PRY,2013-2018,FALSE,INC,b40,1.8802094,2017
PRY,2013-2018,FALSE,INC,tot,.40674997,2017
PRY,2013-2018,FALSE,INC,m50,1.3083714,2017
PRY,2013-2018,FALSE,INC,premium,1.4734594,2017
PRY,2014-2019,FALSE,INC,b40,1.9697634,2017
PRY,2014-2019,FALSE,INC,tot,-.65408265,2017
PRY,2014-2019,FALSE,INC,m50,1.092166,2017
PRY,2014-2019,FALSE,INC,premium,2.623846,2017
PRY,2015-2020,FALSE,INC,b40,.55871498,2017
PRY,2015-2020,FALSE,INC,tot,-1.9752971,2017
PRY,2015-2020,FALSE,INC,m50,-.43789239,2017
PRY,2015-2020,FALSE,INC,premium,2.534012,2017
PSE,2004-2009,FALSE,CONS,b40,2.0434591,2017
PSE,2004-2009,FALSE,CONS,tot,1.965981,2017
PSE,2004-2009,FALSE,CONS,m50,1.677462,2017
PSE,2004-2009,FALSE,CONS,premium,.07747811,2017
PSE,2009-2011,FALSE,CONS,b40,.21414017,2017
PSE,2009-2011,FALSE,CONS,tot,.35306007,2017
PSE,2009-2011,FALSE,CONS,m50,.595143,2017
PSE,2009-2011,FALSE,CONS,premium,-.1389199,2017
PSE,2011-2016,FALSE,CONS,b40,-.89394448,2017
PSE,2011-2016,FALSE,CONS,tot,-.55259766,2017
PSE,2011-2016,FALSE,CONS,m50,.11102875,2017
PSE,2011-2016,FALSE,CONS,premium,-.34134683,2017
ROU,2006-2011,FALSE,CONS,b40,5.8767741,2017
ROU,2006-2011,FALSE,CONS,tot,4.4144953,2017
ROU,2006-2011,FALSE,CONS,m50,5.2795681,2017
ROU,2006-2011,FALSE,CONS,premium,1.4622788,2017
ROU,2007-2012,FALSE,INC,b40,.55978122,2017
ROU,2007-2012,FALSE,INC,tot,.70680347,2017
ROU,2007-2012,FALSE,INC,m50,1.4163194,2017
ROU,2007-2012,FALSE,INC,premium,-.14702225,2017
ROU,2008-2013,FALSE,CONS,b40,.54302756,2017
ROU,2008-2013,FALSE,CONS,tot,-.38125189,2017
ROU,2008-2013,FALSE,CONS,m50,.11210689,2017
ROU,2008-2013,FALSE,CONS,premium,.92427945,2017
ROU,2009-2014,FALSE,INC,b40,-2.6588522,2017
ROU,2009-2014,FALSE,INC,tot,-1.259326,2017
ROU,2009-2014,FALSE,INC,m50,-.17594517,2017
ROU,2009-2014,FALSE,INC,premium,-1.3995262,2017
ROU,2010-2015,FALSE,INC,b40,.06062495,2017
ROU,2010-2015,FALSE,INC,tot,1.14045,2017
ROU,2010-2015,FALSE,INC,m50,1.752291,2017
ROU,2010-2015,FALSE,INC,premium,-1.0798251,2017
ROU,2012-2017,FALSE,INC,b40,10.016248,2017
ROU,2012-2017,FALSE,INC,tot,9.9614763,2017
ROU,2012-2017,FALSE,INC,m50,10.477682,2017
ROU,2012-2017,FALSE,INC,premium,.05477204,2017
ROU,2013-2018,FALSE,INC,b40,13.777343,2017
ROU,2013-2018,FALSE,INC,tot,12.487759,2017
ROU,2013-2018,FALSE,INC,m50,12.456758,2017
ROU,2013-2018,FALSE,INC,premium,1.2895841,2017
ROU,2014-2019,FALSE,INC,b40,14.737579,2017
ROU,2014-2019,FALSE,INC,tot,13.428242,2017
ROU,2014-2019,FALSE,INC,m50,13.32011,2017
ROU,2014-2019,FALSE,INC,premium,1.3093367,2017
ROU,2015-2020,FALSE,INC,b40,14.737579,2017
ROU,2015-2020,FALSE,INC,tot,13.428242,2017
ROU,2015-2020,FALSE,INC,m50,13.32011,2017
ROU,2015-2020,FALSE,INC,premium,1.3093367,2017
RUS,2004-2009,FALSE,CONS,b40,8.8795489,2017
RUS,2004-2009,FALSE,CONS,tot,7.9526167,2017
RUS,2004-2009,FALSE,CONS,m50,7.763065,2017
RUS,2004-2009,FALSE,CONS,premium,.92693216,2017
RUS,2007-2012,FALSE,CONS,b40,5.6983518,2017
RUS,2007-2012,FALSE,CONS,tot,4.4211626,2017
RUS,2007-2012,FALSE,CONS,m50,4.8303667,2017
RUS,2007-2012,FALSE,CONS,premium,1.2771892,2017
RUS,2010-2015,FALSE,CONS,b40,1.314659,2017
RUS,2010-2015,FALSE,CONS,tot,.08480189,2017
RUS,2010-2015,FALSE,CONS,m50,.46027986,2017
RUS,2010-2015,FALSE,CONS,premium,1.2298572,2017
RUS,2013-2018,FALSE,CONS,b40,-.43621287,2017
RUS,2013-2018,FALSE,CONS,tot,-2.2686136,2017
RUS,2013-2018,FALSE,CONS,m50,-1.1689083,2017
RUS,2013-2018,FALSE,CONS,premium,1.8324007,2017
RUS,2015-2020,FALSE,CONS,b40,.653004,2017
RUS,2015-2020,FALSE,CONS,tot,-.46507123,2017
RUS,2015-2020,FALSE,CONS,m50,.04947821,2017
RUS,2015-2020,FALSE,CONS,premium,1.1180752,2017
RWA,2005-2010,FALSE,CONS,b40,4.2790137,2017
RWA,2005-2010,FALSE,CONS,tot,1.2131632,2017
RWA,2005-2010,FALSE,CONS,m50,2.9330727,2017
RWA,2005-2010,FALSE,CONS,premium,3.0658505,2017
RWA,2010-2013,FALSE,CONS,b40,4.2339613,2017
RWA,2010-2013,FALSE,CONS,tot,2.2092201,2017
RWA,2010-2013,FALSE,CONS,m50,3.6665349,2017
RWA,2010-2013,FALSE,CONS,premium,2.0247412,2017
RWA,2013-2016,FALSE,CONS,b40,.30609373,2017
RWA,2013-2016,FALSE,CONS,tot,-.16262896,2017
RWA,2013-2016,FALSE,CONS,m50,.54941057,2017
RWA,2013-2016,FALSE,CONS,premium,.46872269,2017
SEN,2005-2011,FALSE,CONS,b40,-.27836343,2017
SEN,2005-2011,FALSE,CONS,tot,.26506217,2017
SEN,2005-2011,FALSE,CONS,m50,-.03400011,2017
SEN,2005-2011,FALSE,CONS,premium,-.54342559,2017
SLE,2011-2018,FALSE,CONS,b40,2.6663257,2017
SLE,2011-2018,FALSE,CONS,tot,2.8635159,2017
SLE,2011-2018,FALSE,CONS,m50,2.3766397,2017
SLE,2011-2018,FALSE,CONS,premium,-.19719017,2017
SLV,2006-2011,FALSE,INC,b40,1.3356723,2017
SLV,2006-2011,FALSE,INC,tot,-.74674131,2017
SLV,2006-2011,FALSE,INC,m50,.17563159,2017
SLV,2006-2011,FALSE,INC,premium,2.0824136,2017
SLV,2007-2012,FALSE,INC,b40,.314514,2017
SLV,2007-2012,FALSE,INC,tot,-1.411352,2017
SLV,2007-2012,FALSE,INC,m50,.00929387,2017
SLV,2007-2012,FALSE,INC,premium,1.725866,2017
SLV,2009-2014,FALSE,INC,b40,4.0043812,2017
SLV,2009-2014,FALSE,INC,tot,1.4855578,2017
SLV,2009-2014,FALSE,INC,m50,2.6061048,2017
SLV,2009-2014,FALSE,INC,premium,2.5188235,2017
SLV,2010-2015,FALSE,INC,b40,4.6604908,2017
SLV,2010-2015,FALSE,INC,tot,2.2741816,2017
SLV,2010-2015,FALSE,INC,m50,2.9950798,2017
SLV,2010-2015,FALSE,INC,premium,2.3863092,2017
SLV,2011-2016,FALSE,INC,b40,4.0808892,2017
SLV,2011-2016,FALSE,INC,tot,2.927829,2017
SLV,2011-2016,FALSE,INC,m50,4.1236696,2017
SLV,2011-2016,FALSE,INC,premium,1.1530602,2017
SLV,2012-2017,FALSE,INC,b40,4.1600441,2017
SLV,2012-2017,FALSE,INC,tot,2.3077551,2017
SLV,2012-2017,FALSE,INC,m50,3.6769421,2017
SLV,2012-2017,FALSE,INC,premium,1.852289,2017
SLV,2013-2018,FALSE,INC,b40,3.9260279,2017
SLV,2013-2018,FALSE,INC,tot,1.7917935,2017
SLV,2013-2018,FALSE,INC,m50,3.5242897,2017
SLV,2013-2018,FALSE,INC,premium,2.1342344,2017
SLV,2014-2019,FALSE,INC,b40,5.5447677,2017
SLV,2014-2019,FALSE,INC,tot,4.0240403,2017
SLV,2014-2019,FALSE,INC,m50,5.0352743,2017
SLV,2014-2019,FALSE,INC,premium,1.5207273,2017
SRB,2007-2010,FALSE,CONS,b40,-1.553127,2017
SRB,2007-2010,FALSE,CONS,tot,-.9964735,2017
SRB,2007-2010,FALSE,CONS,m50,-1.0265619,2017
SRB,2007-2010,FALSE,CONS,premium,-.55665354,2017
SRB,2008-2013,FALSE,CONS,b40,-1.9824385,2017
SRB,2008-2013,FALSE,CONS,tot,-1.1367505,2017
SRB,2008-2013,FALSE,CONS,m50,-1.1210912,2017
SRB,2008-2013,FALSE,CONS,premium,-.84568802,2017
SRB,2012-2014,FALSE,INC,b40,-7.2631352,2017
SRB,2012-2014,FALSE,INC,tot,-4.2978435,2017
SRB,2012-2014,FALSE,INC,m50,-3.0498683,2017
SRB,2012-2014,FALSE,INC,premium,-2.9652917,2017
SRB,2012-2015,FALSE,INC,b40,-4.1075622,2017
SRB,2012-2015,FALSE,INC,tot,-2.1152029,2017
SRB,2012-2015,FALSE,INC,m50,-1.9093033,2017
SRB,2012-2015,FALSE,INC,premium,-1.9923593,2017
SRB,2013-2017,FALSE,INC,b40,3.8926323,2017
SRB,2013-2017,FALSE,INC,tot,1.4834518,2017
SRB,2013-2017,FALSE,INC,m50,2.8298759,2017
SRB,2013-2017,FALSE,INC,premium,2.4091805,2017
SRB,2014-2018,FALSE,INC,b40,3.8926323,2017
SRB,2014-2018,FALSE,INC,tot,1.4834518,2017
SRB,2014-2018,FALSE,INC,m50,2.8298759,2017
SRB,2014-2018,FALSE,INC,premium,2.4091805,2017
SVK,2006-2011,FALSE,INC,b40,3.1605184,2017
SVK,2006-2011,FALSE,INC,tot,4.0123833,2017
SVK,2006-2011,FALSE,INC,m50,4.2134936,2017
SVK,2006-2011,FALSE,INC,premium,-.85186489,2017
SVK,2007-2012,FALSE,INC,b40,.38378039,2017
SVK,2007-2012,FALSE,INC,tot,1.5145665,2017
SVK,2007-2012,FALSE,INC,m50,1.7081119,2017
SVK,2007-2012,FALSE,INC,premium,-1.1307861,2017
SVK,2009-2014,FALSE,INC,b40,-.40608706,2017
SVK,2009-2014,FALSE,INC,tot,-.51063259,2017
SVK,2009-2014,FALSE,INC,m50,.38880989,2017
SVK,2009-2014,FALSE,INC,premium,.10454553,2017
SVK,2010-2015,FALSE,INC,b40,-.6217537,2017
SVK,2010-2015,FALSE,INC,tot,-.6111337,2017
SVK,2010-2015,FALSE,INC,m50,-.06403451,2017
SVK,2010-2015,FALSE,INC,premium,-.01062,2017
SVK,2011-2016,FALSE,INC,b40,-.57667207,2017
SVK,2011-2016,FALSE,INC,tot,-1.0848286,2017
SVK,2011-2016,FALSE,INC,m50,-.51751586,2017
SVK,2011-2016,FALSE,INC,premium,.50815653,2017
SVK,2013-2018,FALSE,INC,b40,3.3127035,2017
SVK,2013-2018,FALSE,INC,tot,1.904488,2017
SVK,2013-2018,FALSE,INC,m50,2.4429634,2017
SVK,2013-2018,FALSE,INC,premium,1.4082155,2017
SVK,2014-2019,FALSE,INC,b40,4.4739792,2017
SVK,2014-2019,FALSE,INC,tot,2.9045194,2017
SVK,2014-2019,FALSE,INC,m50,2.9878129,2017
SVK,2014-2019,FALSE,INC,premium,1.5694598,2017
SVK,2015-2020,FALSE,INC,b40,4.4739792,2017
SVK,2015-2020,FALSE,INC,tot,2.9045194,2017
SVK,2015-2020,FALSE,INC,m50,2.9878129,2017
SVK,2015-2020,FALSE,INC,premium,1.5694598,2017
SVN,2006-2011,FALSE,INC,b40,1.4811984,2017
SVN,2006-2011,FALSE,INC,tot,1.62371,2017
SVN,2006-2011,FALSE,INC,m50,1.6448815,2017
SVN,2006-2011,FALSE,INC,premium,-.14251164,2017
SVN,2007-2012,FALSE,INC,b40,-.82217348,2017
SVN,2007-2012,FALSE,INC,tot,-.26618468,2017
SVN,2007-2012,FALSE,INC,m50,-.32636424,2017
SVN,2007-2012,FALSE,INC,premium,-.5559888,2017
SVN,2009-2014,FALSE,INC,b40,-.95126599,2017
SVN,2009-2014,FALSE,INC,tot,-.59821148,2017
SVN,2009-2014,FALSE,INC,m50,-.62019154,2017
SVN,2009-2014,FALSE,INC,premium,-.35305451,2017
SVN,2010-2015,FALSE,INC,b40,-.77349711,2017
SVN,2010-2015,FALSE,INC,tot,-.55804312,2017
SVN,2010-2015,FALSE,INC,m50,-.508778,2017
SVN,2010-2015,FALSE,INC,premium,-.21545399,2017
SVN,2012-2017,FALSE,INC,b40,2.2012109,2017
SVN,2012-2017,FALSE,INC,tot,1.5219638,2017
SVN,2012-2017,FALSE,INC,m50,1.566202,2017
SVN,2012-2017,FALSE,INC,premium,.67924708,2017
SVN,2013-2018,FALSE,INC,b40,3.831682,2017
SVN,2013-2018,FALSE,INC,tot,2.8798092,2017
SVN,2013-2018,FALSE,INC,m50,2.803044,2017
SVN,2013-2018,FALSE,INC,premium,.95187277,2017
SVN,2014-2019,FALSE,INC,b40,3.5061057,2017
SVN,2014-2019,FALSE,INC,tot,2.8164014,2017
SVN,2014-2019,FALSE,INC,m50,2.8961041,2017
SVN,2014-2019,FALSE,INC,premium,.68970432,2017
SVN,2015-2020,FALSE,INC,b40,3.5061057,2017
SVN,2015-2020,FALSE,INC,tot,2.8164014,2017
SVN,2015-2020,FALSE,INC,m50,2.8961041,2017
SVN,2015-2020,FALSE,INC,premium,.68970432,2017
SWE,2007-2012,FALSE,INC,b40,1.4273566,2017
SWE,2007-2012,FALSE,INC,tot,1.7681818,2017
SWE,2007-2012,FALSE,INC,m50,1.7046257,2017
SWE,2007-2012,FALSE,INC,premium,-.34082529,2017
SWE,2009-2014,FALSE,INC,b40,1.6234623,2017
SWE,2009-2014,FALSE,INC,tot,2.0208368,2017
SWE,2009-2014,FALSE,INC,m50,1.793875,2017
SWE,2009-2014,FALSE,INC,premium,-.39737448,2017
SWE,2010-2015,FALSE,INC,b40,1.7998404,2017
SWE,2010-2015,FALSE,INC,tot,2.3976792,2017
SWE,2010-2015,FALSE,INC,m50,2.0067146,2017
SWE,2010-2015,FALSE,INC,premium,-.59783877,2017
SWE,2012-2017,FALSE,INC,b40,1.3851081,2017
SWE,2012-2017,FALSE,INC,tot,1.976956,2017
SWE,2012-2017,FALSE,INC,m50,1.6665037,2017
SWE,2012-2017,FALSE,INC,premium,-.59184791,2017
SWE,2013-2018,FALSE,INC,b40,.96642856,2017
SWE,2013-2018,FALSE,INC,tot,1.6604188,2017
SWE,2013-2018,FALSE,INC,m50,1.5411752,2017
SWE,2013-2018,FALSE,INC,premium,-.69399027,2017
SWE,2014-2019,FALSE,INC,b40,1.0698479,2017
SWE,2014-2019,FALSE,INC,tot,1.5848935,2017
SWE,2014-2019,FALSE,INC,m50,1.5185967,2017
SWE,2014-2019,FALSE,INC,premium,-.51504564,2017
SWE,2015-2020,FALSE,INC,b40,1.0698479,2017
SWE,2015-2020,FALSE,INC,tot,1.5848935,2017
SWE,2015-2020,FALSE,INC,m50,1.5185967,2017
SWE,2015-2020,FALSE,INC,premium,-.51504564,2017
SWZ,2009-2016,FALSE,CONS,b40,4.6652559,2017
SWZ,2009-2016,FALSE,CONS,tot,6.1381546,2017
SWZ,2009-2016,FALSE,CONS,m50,4.4647903,2017
SWZ,2009-2016,FALSE,CONS,premium,-1.4728987,2017
SYC,2013-2018,FALSE,INC,b40,3.550173,2017
SYC,2013-2018,FALSE,INC,tot,-1.5745704,2017
SYC,2013-2018,FALSE,INC,m50,4.0506547,2017
SYC,2013-2018,FALSE,INC,premium,5.1247433,2017
TGO,2006-2011,FALSE,CONS,b40,-2.1675469,2017
TGO,2006-2011,FALSE,CONS,tot,.94822126,2017
TGO,2006-2011,FALSE,CONS,m50,.26795737,2017
TGO,2006-2011,FALSE,CONS,premium,-3.1157682,2017
TGO,2011-2015,FALSE,CONS,b40,2.5547083,2017
TGO,2011-2015,FALSE,CONS,tot,.62098314,2017
TGO,2011-2015,FALSE,CONS,m50,2.1364205,2017
TGO,2011-2015,FALSE,CONS,premium,1.9337252,2017
THA,2006-2010,FALSE,CONS,b40,4.8041448,2017
THA,2006-2010,FALSE,CONS,tot,2.9605936,2017
THA,2006-2010,FALSE,CONS,m50,3.7197247,2017
THA,2006-2010,FALSE,CONS,premium,1.8435512,2017
THA,2008-2012,FALSE,CONS,b40,4.7823724,2017
THA,2008-2012,FALSE,CONS,tot,3.9540868,2017
THA,2008-2012,FALSE,CONS,m50,4.4449751,2017
THA,2008-2012,FALSE,CONS,premium,.82828566,2017
THA,2008-2013,FALSE,CONS,b40,4.8903695,2017
THA,2008-2013,FALSE,CONS,tot,3.4766269,2017
THA,2008-2013,FALSE,CONS,m50,4.1521403,2017
THA,2008-2013,FALSE,CONS,premium,1.4137426,2017
THA,2009-2013,FALSE,CONS,b40,4.8087334,2017
THA,2009-2013,FALSE,CONS,tot,3.4891291,2017
THA,2009-2013,FALSE,CONS,m50,3.8846858,2017
THA,2009-2013,FALSE,CONS,premium,1.3196042,2017
THA,2010-2015,FALSE,CONS,b40,5.0284526,2017
THA,2010-2015,FALSE,CONS,tot,3.0396823,2017
THA,2010-2015,FALSE,CONS,m50,4.1328653,2017
THA,2010-2015,FALSE,CONS,premium,1.9887703,2017
THA,2014-2017,FALSE,CONS,b40,2.5053678,2017
THA,2014-2017,FALSE,CONS,tot,2.084929,2017
THA,2014-2017,FALSE,CONS,m50,2.4633835,2017
THA,2014-2017,FALSE,CONS,premium,.42043883,2017
THA,2014-2018,FALSE,CONS,b40,1.4456005,2017
THA,2014-2018,FALSE,CONS,tot,1.1489724,2017
THA,2014-2018,FALSE,CONS,m50,1.4040055,2017
THA,2014-2018,FALSE,CONS,premium,.29662815,2017
THA,2014-2019,FALSE,CONS,b40,2.1506788,2017
THA,2014-2019,FALSE,CONS,tot,.98279716,2017
THA,2014-2019,FALSE,CONS,m50,1.5359049,2017
THA,2014-2019,FALSE,CONS,premium,1.1678816,2017
THA,2015-2019,FALSE,CONS,b40,.66473598,2017
THA,2015-2019,FALSE,CONS,tot,.08118334,2017
THA,2015-2019,FALSE,CONS,m50,.40162375,2017
THA,2015-2019,FALSE,CONS,premium,.58355264,2017
TJK,2004-2009,FALSE,CONS,b40,7.3168395,2017
TJK,2004-2009,FALSE,CONS,tot,5.9879813,2017
TJK,2004-2009,FALSE,CONS,m50,6.8332421,2017
TJK,2004-2009,FALSE,CONS,premium,1.3288582,2017
TJK,2009-2015,FALSE,CONS,b40,1.3198878,2017
TJK,2009-2015,FALSE,CONS,tot,2.6657244,2017
TJK,2009-2015,FALSE,CONS,m50,2.0966782,2017
TJK,2009-2015,FALSE,CONS,premium,-1.3458367,2017
TON,2009-2015,FALSE,CONS,b40,1.0318291,2017
TON,2009-2015,FALSE,CONS,tot,.60377639,2017
TON,2009-2015,FALSE,CONS,m50,.1593638,2017
TON,2009-2015,FALSE,CONS,premium,.42805271,2017
TUN,2005-2010,FALSE,CONS,b40,3.9237943,2017
TUN,2005-2010,FALSE,CONS,tot,3.1140875,2017
TUN,2005-2010,FALSE,CONS,m50,3.7782189,2017
TUN,2005-2010,FALSE,CONS,premium,.80970676,2017
TUN,2010-2015,FALSE,CONS,b40,5.3564982,2017
TUN,2010-2015,FALSE,CONS,tot,3.3843851,2017
TUN,2010-2015,FALSE,CONS,m50,3.9554717,2017
TUN,2010-2015,FALSE,CONS,premium,1.9721131,2017
TUR,2006-2011,FALSE,CONS,b40,5.4052744,2017
TUR,2006-2011,FALSE,CONS,tot,5.1276238,2017
TUR,2006-2011,FALSE,CONS,m50,4.4486389,2017
TUR,2006-2011,FALSE,CONS,premium,.27765062,2017
TUR,2007-2012,FALSE,CONS,b40,4.3287624,2017
TUR,2007-2012,FALSE,CONS,tot,4.8105174,2017
TUR,2007-2012,FALSE,CONS,m50,3.6254991,2017
TUR,2007-2012,FALSE,CONS,premium,-.48175499,2017
TUR,2008-2013,FALSE,CONS,b40,3.1833837,2017
TUR,2008-2013,FALSE,CONS,tot,3.5360085,2017
TUR,2008-2013,FALSE,CONS,m50,2.5541154,2017
TUR,2008-2013,FALSE,CONS,premium,-.35262484,2017
TUR,2009-2014,FALSE,CONS,b40,3.7883799,2017
TUR,2009-2014,FALSE,CONS,tot,4.6600168,2017
TUR,2009-2014,FALSE,CONS,m50,3.2671215,2017
TUR,2009-2014,FALSE,CONS,premium,-.87163697,2017
TUR,2011-2016,FALSE,CONS,b40,2.5259571,2017
TUR,2011-2016,FALSE,CONS,tot,3.4694996,2017
TUR,2011-2016,FALSE,CONS,m50,2.6685692,2017
TUR,2011-2016,FALSE,CONS,premium,-.94354243,2017
TUR,2013-2018,FALSE,CONS,b40,2.1431715,2017
TUR,2013-2018,FALSE,CONS,tot,2.6731665,2017
TUR,2013-2018,FALSE,CONS,m50,1.7852152,2017
TUR,2013-2018,FALSE,CONS,premium,-.52999501,2017
TUR,2014-2019,FALSE,CONS,b40,.84880885,2017
TUR,2014-2019,FALSE,CONS,tot,1.473207,2017
TUR,2014-2019,FALSE,CONS,m50,1.4378598,2017
TUR,2014-2019,FALSE,CONS,premium,-.6243981,2017
TWN,2013-2016,FALSE,INC,b40,3.220091,2017
TWN,2013-2016,FALSE,INC,tot,2.3765066,2017
TWN,2013-2016,FALSE,INC,m50,2.6444388,2017
TWN,2013-2016,FALSE,INC,premium,.84358439,2017
TZA,2007-2011,FALSE,CONS,b40,5.346084,2017
TZA,2007-2011,FALSE,CONS,tot,3.3683422,2017
TZA,2007-2011,FALSE,CONS,m50,3.7883812,2017
TZA,2007-2011,FALSE,CONS,premium,1.9777418,2017
TZA,2011-2017,FALSE,CONS,b40,-.15087153,2017
TZA,2011-2017,FALSE,CONS,tot,.91970401,2017
TZA,2011-2017,FALSE,CONS,m50,.10966493,2017
TZA,2011-2017,FALSE,CONS,premium,-1.0705755,2017
TZA,2011-2018,FALSE,CONS,b40,-.15087153,2017
TZA,2011-2018,FALSE,CONS,tot,.91970401,2017
TZA,2011-2018,FALSE,CONS,m50,.10966493,2017
TZA,2011-2018,FALSE,CONS,premium,-1.0705755,2017
UGA,2005-2012,FALSE,CONS,b40,5.1374113,2017
UGA,2005-2012,FALSE,CONS,tot,4.3615115,2017
UGA,2005-2012,FALSE,CONS,m50,4.9353498,2017
UGA,2005-2012,FALSE,CONS,premium,.77589975,2017
UGA,2009-2012,FALSE,CONS,b40,5.1683395,2017
UGA,2009-2012,FALSE,CONS,tot,2.9084418,2017
UGA,2009-2012,FALSE,CONS,m50,4.969054,2017
UGA,2009-2012,FALSE,CONS,premium,2.2598977,2017
UGA,2012-2016,FALSE,CONS,b40,-2.1507263,2017
UGA,2012-2016,FALSE,CONS,tot,-.9564644,2017
UGA,2012-2016,FALSE,CONS,m50,-1.8356468,2017
UGA,2012-2016,FALSE,CONS,premium,-1.1942619,2017
UGA,2016-2019,FALSE,CONS,b40,.04902671,2017
UGA,2016-2019,FALSE,CONS,tot,-.2575038,2017
UGA,2016-2019,FALSE,CONS,m50,.30718317,2017
UGA,2016-2019,FALSE,CONS,premium,.30653051,2017
UKR,2005-2010,FALSE,CONS,b40,5.2413144,2017
UKR,2005-2010,FALSE,CONS,tot,3.090496,2017
UKR,2005-2010,FALSE,CONS,m50,3.9567939,2017
UKR,2005-2010,FALSE,CONS,premium,2.1508184,2017
UKR,2008-2013,FALSE,CONS,b40,3.5894689,2017
UKR,2008-2013,FALSE,CONS,tot,2.4674194,2017
UKR,2008-2013,FALSE,CONS,m50,2.8627766,2017
UKR,2008-2013,FALSE,CONS,premium,1.1220495,2017
UKR,2009-2014,FALSE,CONS,b40,3.9050908,2017
UKR,2009-2014,FALSE,CONS,tot,3.2471535,2017
UKR,2009-2014,FALSE,CONS,m50,3.4077881,2017
UKR,2009-2014,FALSE,CONS,premium,.65793732,2017
UKR,2010-2015,FALSE,CONS,b40,-.35322488,2017
UKR,2010-2015,FALSE,CONS,tot,-.17240996,2017
UKR,2010-2015,FALSE,CONS,m50,-.44452965,2017
UKR,2010-2015,FALSE,CONS,premium,-.18081492,2017
UKR,2011-2016,FALSE,CONS,b40,-.82719949,2017
UKR,2011-2016,FALSE,CONS,tot,-.66873897,2017
UKR,2011-2016,FALSE,CONS,m50,-.59623847,2017
UKR,2011-2016,FALSE,CONS,premium,-.15846052,2017
UKR,2013-2018,FALSE,CONS,b40,-.58729829,2017
UKR,2013-2018,FALSE,CONS,tot,.14407807,2017
UKR,2013-2018,FALSE,CONS,m50,-.09662634,2017
UKR,2013-2018,FALSE,CONS,premium,-.73137636,2017
UKR,2014-2019,FALSE,CONS,b40,1.7144926,2017
UKR,2014-2019,FALSE,CONS,tot,2.8241046,2017
UKR,2014-2019,FALSE,CONS,m50,2.4866086,2017
UKR,2014-2019,FALSE,CONS,premium,-1.109612,2017
UKR,2015-2020,FALSE,CONS,b40,4.1295711,2017
UKR,2015-2020,FALSE,CONS,tot,4.116072,2017
UKR,2015-2020,FALSE,CONS,m50,4.0677479,2017
UKR,2015-2020,FALSE,CONS,premium,.01349904,2017
URY,2006-2011,FALSE,INC,b40,9.0507576,2017
URY,2006-2011,FALSE,INC,tot,6.7731722,2017
URY,2006-2011,FALSE,INC,m50,8.6215723,2017
URY,2006-2011,FALSE,INC,premium,2.2775854,2017
URY,2007-2012,FALSE,INC,b40,8.5222002,2017
URY,2007-2012,FALSE,INC,tot,4.9179531,2017
URY,2007-2012,FALSE,INC,m50,7.9049687,2017
URY,2007-2012,FALSE,INC,premium,3.6042471,2017
URY,2009-2014,FALSE,INC,b40,6.6542872,2017
URY,2009-2014,FALSE,INC,tot,3.4576554,2017
URY,2009-2014,FALSE,INC,m50,5.7426659,2017
URY,2009-2014,FALSE,INC,premium,3.1966318,2017
URY,2011-2016,FALSE,INC,b40,3.1855326,2017
URY,2011-2016,FALSE,INC,tot,1.786554,2017
URY,2011-2016,FALSE,INC,m50,2.7734829,2017
URY,2011-2016,FALSE,INC,premium,1.3989786,2017
URY,2012-2017,FALSE,INC,b40,3.2127221,2017
URY,2012-2017,FALSE,INC,tot,2.5732378,2017
URY,2012-2017,FALSE,INC,m50,2.6458724,2017
URY,2012-2017,FALSE,INC,premium,.63948434,2017
URY,2013-2018,FALSE,INC,b40,2.0038181,2017
URY,2013-2018,FALSE,INC,tot,1.4278526,2017
URY,2013-2018,FALSE,INC,m50,1.4220897,2017
URY,2013-2018,FALSE,INC,premium,.57596553,2017
URY,2014-2019,FALSE,INC,b40,.32673177,2017
URY,2014-2019,FALSE,INC,tot,-.00373139,2017
URY,2014-2019,FALSE,INC,m50,-.01899713,2017
URY,2014-2019,FALSE,INC,premium,.33046316,2017
USA,2010-2016,FALSE,INC,b40,1.2668899,2017
USA,2010-2016,FALSE,INC,tot,1.6442333,2017
USA,2010-2016,FALSE,INC,m50,1.2281885,2017
USA,2010-2016,FALSE,INC,premium,-.37734337,2017
USA,2013-2018,FALSE,INC,b40,2.7179724,2017
USA,2013-2018,FALSE,INC,tot,3.0838212,2017
USA,2013-2018,FALSE,INC,m50,2.8370581,2017
USA,2013-2018,FALSE,INC,premium,-.36584877,2017
USA,2014-2019,FALSE,INC,b40,4.1015682,2017
USA,2014-2019,FALSE,INC,tot,4.2749869,2017
USA,2014-2019,FALSE,INC,m50,4.6651379,2017
USA,2014-2019,FALSE,INC,premium,-.17341868,2017
VNM,2004-2010,FALSE,CONS,b40,12.220186,2017
VNM,2004-2010,FALSE,CONS,tot,13.397902,2017
VNM,2004-2010,FALSE,CONS,m50,13.092178,2017
VNM,2004-2010,FALSE,CONS,premium,-1.1777163,2017
VNM,2010-2014,FALSE,CONS,b40,4.6616865,2017
VNM,2010-2014,FALSE,CONS,tot,2.1459434,2017
VNM,2010-2014,FALSE,CONS,m50,4.5283829,2017
VNM,2010-2014,FALSE,CONS,premium,2.5157431,2017
VNM,2010-2016,FALSE,CONS,b40,5.3172405,2017
VNM,2010-2016,FALSE,CONS,tot,3.8879933,2017
VNM,2010-2016,FALSE,CONS,m50,5.4014256,2017
VNM,2010-2016,FALSE,CONS,premium,1.4292472,2017
VNM,2012-2016,FALSE,CONS,b40,5.2901163,2017
VNM,2012-2016,FALSE,CONS,tot,5.1499083,2017
VNM,2012-2016,FALSE,CONS,m50,5.4325798,2017
VNM,2012-2016,FALSE,CONS,premium,.14020795,2017
VNM,2012-2018,FALSE,CONS,b40,5.1510128,2017
VNM,2012-2018,FALSE,CONS,tot,5.2578693,2017
VNM,2012-2018,FALSE,CONS,m50,5.4037247,2017
VNM,2012-2018,FALSE,CONS,premium,-.1068565,2017
VNM,2014-2018,FALSE,CONS,b40,5.753333,2017
VNM,2014-2018,FALSE,CONS,tot,6.4632884,2017
VNM,2014-2018,FALSE,CONS,m50,6.2538315,2017
VNM,2014-2018,FALSE,CONS,premium,-.70995538,2017
XKX,2012-2015,FALSE,CONS,b40,3.5657759,2017
XKX,2012-2015,FALSE,CONS,tot,1.6777002,2017
XKX,2012-2015,FALSE,CONS,m50,2.0534473,2017
XKX,2012-2015,FALSE,CONS,premium,1.8880757,2017
XKX,2012-2017,FALSE,CONS,b40,2.3563667,2017
XKX,2012-2017,FALSE,CONS,tot,1.8895503,2017
XKX,2012-2017,FALSE,CONS,m50,1.5279008,2017
XKX,2012-2017,FALSE,CONS,premium,.46681641,2017
ZAF,2005-2010,FALSE,CONS,b40,5.5294235,2017
ZAF,2005-2010,FALSE,CONS,tot,5.8630881,2017
ZAF,2005-2010,FALSE,CONS,m50,7.0046609,2017
ZAF,2005-2010,FALSE,CONS,premium,-.33366457,2017
ZAF,2010-2014,FALSE,CONS,b40,-1.337602,2017
ZAF,2010-2014,FALSE,CONS,tot,-1.2306989,2017
ZAF,2010-2014,FALSE,CONS,m50,-.91797366,2017
ZAF,2010-2014,FALSE,CONS,premium,-.10690304,2017
ZMB,2010-2015,FALSE,CONS,b40,-.59001874,2017
ZMB,2010-2015,FALSE,CONS,tot,2.9306639,2017
ZMB,2010-2015,FALSE,CONS,m50,3.031306,2017
ZMB,2010-2015,FALSE,CONS,premium,-3.5206827,2017
ZWE,2011-2017,FALSE,CONS,b40,-3.7493657,2017
ZWE,2011-2017,FALSE,CONS,tot,-3.4995019,2017
ZWE,2011-2017,FALSE,CONS,m50,-6.4054729,2017
ZWE,2011-2017,FALSE,CONS,premium,-.24986381,2017
