xyzDMxyzCountry,xyzDMxyzRequestYear,xyzDPxyzsi_pov_nahc,xyzDMxyzFootnote,ymax
AFG,2007,33.7,0,2016
AFG,2011,38.3,0,2016
AFG,2016,54.5,0,2016
AGO,2008,36.599998,1,2018
AGO,2018,32.3,2,2018
ALB,2002,25.4,0,2019
ALB,2005,18.5,0,2019
ALB,2016,23.7,0,2019
ALB,2017,23.4,0,2019
ALB,2018,23,0,2019
ALB,2019,21.8,0,2019
ARG,2016,30.3,0,2020
ARG,2017,25.7,0,2020
ARG,2018,32,0,2020
ARG,2019,35.5,0,2020
ARG,2020,42,0,2020
ARM,2004,53.5,0,2020
ARM,2005,40.1,0,2020
ARM,2006,30.2,0,2020
ARM,2007,26.4,0,2020
ARM,2008,27.6,0,2020
ARM,2009,34.1,0,2020
ARM,2010,35.8,0,2020
ARM,2011,35,0,2020
ARM,2012,32.4,0,2020
ARM,2013,32,0,2020
ARM,2014,30,0,2020
ARM,2015,29.8,0,2020
ARM,2016,29.4,0,2020
ARM,2017,25.7,0,2020
ARM,2018,23.54,0,2020
ARM,2019,26.4,1,2020
ARM,2020,27,1,2020
AUT,1994,13,0,2019
AUT,1995,14,0,2019
AUT,1996,13,0,2019
AUT,1997,13,0,2019
AUT,1998,12,0,2019
AUT,1999,12,0,2019
AUT,2000,12,0,2019
AUT,2002,13.2,1,2019
AUT,2003,13,1,2019
AUT,2004,12.6,1,2019
AUT,2005,12.6,1,2019
AUT,2006,12,1,2019
AUT,2007,15.2,1,2019
AUT,2008,14.5,1,2019
AUT,2009,14.7,1,2019
AUT,2010,14.5,1,2019
AUT,2011,14.4,1,2019
AUT,2012,14.4,1,2019
AUT,2013,14.1,1,2019
AUT,2014,13.9,1,2019
AUT,2015,14.1,1,2019
AUT,2016,14.4,1,2019
AUT,2017,14.3,1,2019
AUT,2018,13.3,1,2019
AUT,2019,13.9,1,2019
AZE,2001,49.599998,0,2012
AZE,2007,15.8,0,2012
AZE,2008,13.2,0,2012
AZE,2009,10.9,0,2012
AZE,2010,9.1000004,0,2012
AZE,2011,7.5999999,0,2012
AZE,2012,6,0,2012
BDI,2006,67.099998,0,2013
BDI,2013,64.9,0,2013
BEL,1994,16,0,2019
BEL,1995,15,0,2019
BEL,1996,14,0,2019
BEL,1997,14,0,2019
BEL,1998,13,0,2019
BEL,1999,13,0,2019
BEL,2000,13,0,2019
BEL,2002,15.4,1,2019
BEL,2003,14.3,1,2019
BEL,2004,14.8,1,2019
BEL,2005,14.7,1,2019
BEL,2006,15.2,1,2019
BEL,2007,14.7,1,2019
BEL,2008,14.6,1,2019
BEL,2009,14.6,1,2019
BEL,2010,15.3,1,2019
BEL,2011,15.3,1,2019
BEL,2012,15.1,1,2019
BEL,2013,15.5,1,2019
BEL,2014,14.9,1,2019
BEL,2015,15.5,1,2019
BEL,2016,15.9,1,2019
BEL,2017,16.4,1,2019
BEL,2018,14.8,2,2019
BEL,2019,14.1,2,2019
BEN,2006,37.5,0,2019
BEN,2007,33,0,2019
BEN,2010,35.2,0,2019
BEN,2011,36.200001,0,2019
BEN,2015,40.1,0,2019
BEN,2019,38.5,0,2019
BFA,2003,51.099998,0,2018
BFA,2009,46.700001,0,2018
BFA,2014,40.099998,0,2018
BFA,2018,41.4,1,2018
BGD,2000,48.9,0,2016
BGD,2005,40,0,2016
BGD,2016,24.3,0,2016
BGR,1999,14,0,2019
BGR,2000,14,0,2019
BGR,2001,16,0,2019
BGR,2002,14,0,2019
BGR,2005,18.4,0,2019
BGR,2006,22,0,2019
BGR,2007,21.4,0,2019
BGR,2008,21.8,0,2019
BGR,2009,20.7,0,2019
BGR,2010,22.2,0,2019
BGR,2011,21.2,0,2019
BGR,2012,21,0,2019
BGR,2013,21.8,0,2019
BGR,2014,22,0,2019
BGR,2015,22.9,1,2019
BGR,2016,23.4,1,2019
BGR,2017,22,1,2019
BGR,2018,22.6,1,2019
BGR,2019,23.8,1,2019
BIH,2007,18.200001,0,2015
BIH,2011,17.9,0,2015
BIH,2015,16.9,0,2015
BLR,2000,41.900002,0,2020
BLR,2001,28.9,0,2020
BLR,2002,30.5,0,2020
BLR,2003,27.1,0,2020
BLR,2004,17.799999,0,2020
BLR,2005,12.7,0,2020
BLR,2006,11.1,0,2020
BLR,2007,7.6999998,0,2020
BLR,2008,6.0999999,0,2020
BLR,2009,5.4000001,0,2020
BLR,2010,5.2,0,2020
BLR,2011,7.3000002,0,2020
BLR,2012,6.3000002,0,2020
BLR,2013,5.5,0,2020
BLR,2014,4.8000002,0,2020
BLR,2015,5.1,0,2020
BLR,2016,5.7,0,2020
BLR,2017,5.9,0,2020
BLR,2018,5.6,0,2020
BLR,2019,5,0,2020
BLR,2020,4.8,0,2020
BOL,2000,66.400002,0,2020
BOL,2001,63.099998,0,2020
BOL,2002,63.299999,0,2020
BOL,2004,63.099998,0,2020
BOL,2005,59.599998,0,2020
BOL,2006,59.900002,0,2020
BOL,2007,60.099998,0,2020
BOL,2008,57.299999,0,2020
BOL,2009,51.299999,0,2020
BOL,2011,45.099998,0,2020
BOL,2012,43.299999,0,2020
BOL,2013,38.900002,0,2020
BOL,2014,39.099998,0,2020
BOL,2015,38.599998,0,2020
BOL,2016,39.48,0,2020
BOL,2017,36.4,0,2020
BOL,2018,34.6,0,2020
BOL,2019,37.2,1,2020
BOL,2020,39,1,2020
BTN,2007,23.200001,0,2017
BTN,2012,12,0,2017
BTN,2017,8.2,0,2017
BWA,2002,30.6,0,2009
BWA,2009,19.3,0,2009
CAF,2008,62,0,2008
CHE,2006,15,0,2019
CHE,2007,15.7,0,2019
CHE,2008,15.6,0,2019
CHE,2009,15,0,2019
CHE,2010,15,0,2019
CHE,2011,15.9,0,2019
CHE,2012,14.5,0,2019
CHE,2013,13.8,0,2019
CHE,2014,15.6,0,2019
CHE,2015,14.7,0,2019
CHE,2016,15.5,0,2019
CHE,2017,14.6,0,2019
CHE,2018,16,0,2019
CHE,2019,15.5,0,2019
CHL,2000,36,0,2020
CHL,2003,35.4,0,2020
CHL,2006,29.1,0,2020
CHL,2009,25.299999,0,2020
CHL,2011,22.200001,0,2020
CHL,2013,14.4,0,2020
CHL,2015,11.7,0,2020
CHL,2017,8.6,0,2020
CHL,2020,10.81,0,2020
CHN,2000,49.8,0,2020
CHN,2005,30.2,0,2020
CHN,2010,17.2,0,2020
CHN,2011,12.7,0,2020
CHN,2012,10.2,0,2020
CHN,2013,8.5,0,2020
CHN,2014,7.2,0,2020
CHN,2015,5.7,0,2020
CHN,2016,4.5,0,2020
CHN,2017,3.1,0,2020
CHN,2018,1.7,0,2020
CHN,2019,.6,0,2020
CHN,2020,0,0,2020
CIV,2002,38.400002,1,2018
CIV,2008,48.900002,2,2018
CIV,2015,44.4,3,2018
CIV,2018,39.45,3,2018
CMR,2001,40.200001,0,2014
CMR,2007,39.900002,0,2014
CMR,2014,37.5,0,2014
COD,2004,69.300003,0,2012
COD,2012,63.900002,0,2012
COG,2005,50.7,0,2011
COG,2011,40.9,0,2011
COL,2002,49.700001,0,2020
COL,2003,48,0,2020
COL,2004,47.400002,0,2020
COL,2005,45,0,2020
COL,2008,42,0,2020
COL,2009,40.299999,0,2020
COL,2010,37.200001,0,2020
COL,2011,34.099998,0,2020
COL,2012,32.700001,0,2020
COL,2013,30.6,0,2020
COL,2014,28.5,0,2020
COL,2015,27.799999,0,2020
COL,2016,28,0,2020
COL,2017,26.9,0,2020
COL,2018,27,0,2020
COL,2019,35.7,1,2020
COL,2020,42.5,1,2020
COM,2004,44.799999,0,2013
COM,2013,42.4,1,2013
CPV,2001,58,0,2015
CPV,2007,46,0,2015
CPV,2015,35,0,2015
CRI,2011,24.841384,0,2020
CRI,2012,23.478835,0,2020
CRI,2013,23.286026,0,2020
CRI,2014,24.583819,0,2020
CRI,2015,23.589308,0,2020
CRI,2016,22.862446,0,2020
CRI,2017,22.136979,0,2020
CRI,2018,22.88382,0,2020
CRI,2019,23.891998,0,2020
CRI,2020,29.958899,0,2020
CYP,2004,16.1,0,2019
CYP,2005,15.6,0,2019
CYP,2006,15.5,0,2019
CYP,2007,15.9,0,2019
CYP,2008,15.8,0,2019
CYP,2009,15.6,0,2019
CYP,2010,14.8,0,2019
CYP,2011,14.7,0,2019
CYP,2012,15.3,0,2019
CYP,2013,14.4,0,2019
CYP,2014,16.2,0,2019
CYP,2015,16.1,0,2019
CYP,2016,15.7,0,2019
CYP,2017,15.4,0,2019
CYP,2018,14.7,0,2019
CYP,2019,14.3,0,2019
CZE,2000,8,0,2019
CZE,2004,10.4,0,2019
CZE,2005,9.8999996,0,2019
CZE,2006,9.6000004,0,2019
CZE,2007,9,0,2019
CZE,2008,8.6000004,0,2019
CZE,2009,9,0,2019
CZE,2010,9.8000002,0,2019
CZE,2011,9.6000004,0,2019
CZE,2012,8.6000004,0,2019
CZE,2013,9.6999998,0,2019
CZE,2014,9.7,1,2019
CZE,2015,9.7,1,2019
CZE,2016,9.1,1,2019
CZE,2017,9.6,1,2019
CZE,2018,10.1,1,2019
CZE,2019,9.5,1,2019
DEU,1994,15,0,2019
DEU,1995,14,0,2019
DEU,1996,12,0,2019
DEU,1997,11,0,2019
DEU,1998,11,0,2019
DEU,1999,10,0,2019
DEU,2000,11,0,2019
DEU,2004,12.2,1,2019
DEU,2005,12.5,1,2019
DEU,2006,15.2,1,2019
DEU,2007,15.2,1,2019
DEU,2008,15.5,1,2019
DEU,2009,15.6,1,2019
DEU,2010,15.8,1,2019
DEU,2011,16.1,1,2019
DEU,2012,16.1,1,2019
DEU,2013,16.7,1,2019
DEU,2014,16.7,1,2019
DEU,2015,16.5,1,2019
DEU,2016,16.1,1,2019
DEU,2017,16,1,2019
DEU,2018,18.9,1,2019
DEU,2019,18.5,1,2019
DJI,2013,23,1,2017
DJI,2017,21.1,2,2017
DNK,1994,10,0,2019
DNK,1996,10,0,2019
DNK,1998,10,0,2019
DNK,2000,10,0,2019
DNK,2002,11.7,1,2019
DNK,2003,10.9,1,2019
DNK,2004,11.8,1,2019
DNK,2005,11.7,1,2019
DNK,2006,11.7,1,2019
DNK,2007,11.8,1,2019
DNK,2008,13.1,1,2019
DNK,2009,13.3,1,2019
DNK,2010,12.1,1,2019
DNK,2011,12,1,2019
DNK,2012,11.9,1,2019
DNK,2013,12.1,1,2019
DNK,2014,12.2,1,2019
DNK,2015,11.9,1,2019
DNK,2016,12.4,1,2019
DNK,2017,12.7,1,2019
DNK,2018,12.5,1,2019
DNK,2019,12.1,2,2019
DOM,2000,31.8,0,2019
DOM,2001,32.736656,0,2019
DOM,2002,32.396019,0,2019
DOM,2003,41.074657,0,2019
DOM,2004,49.362251,0,2019
DOM,2005,47.18951,0,2019
DOM,2006,43.324677,0,2019
DOM,2007,42.773567,0,2019
DOM,2008,43.23167,0,2019
DOM,2009,41.15921,0,2019
DOM,2010,40.528942,0,2019
DOM,2011,39.329163,0,2019
DOM,2012,39.659454,0,2019
DOM,2013,39.573944,0,2019
DOM,2014,34.75515,0,2019
DOM,2015,30.802912,0,2019
DOM,2016,28.89612,0,2019
DOM,2017,25.6,1,2019
DOM,2018,22.8,1,2019
DOM,2019,21,1,2019
DZA,2011,5.5,0,2011
ECU,2007,36.700001,0,2020
ECU,2008,35.099998,0,2020
ECU,2009,36,0,2020
ECU,2010,32.8,0,2020
ECU,2011,28.6,0,2020
ECU,2012,27.299999,0,2020
ECU,2013,25.6,0,2020
ECU,2014,22.5,0,2020
ECU,2015,23.299999,0,2020
ECU,2016,22.92,0,2020
ECU,2017,21.46,0,2020
ECU,2018,23.22,0,2020
ECU,2019,25,0,2020
ECU,2020,33.0435,0,2020
EGY,2004,19.6,1,2017
EGY,2008,21.6,2,2017
EGY,2010,25.200001,3,2017
EGY,2012,26.299999,4,2017
EGY,2015,27.799999,5,2017
EGY,2017,32.5,5,2017
ESP,1994,19,0,2019
ESP,1995,18,0,2019
ESP,1996,20,0,2019
ESP,1997,18,0,2019
ESP,1998,19,0,2019
ESP,1999,18,0,2019
ESP,2000,19,0,2019
ESP,2001,19,1,2019
ESP,2003,20.1,2,2019
ESP,2004,20.1,2,2019
ESP,2005,20.3,2,2019
ESP,2006,19.7,2,2019
ESP,2007,19.8,2,2019
ESP,2008,20.4,2,2019
ESP,2009,20.7,2,2019
ESP,2010,20.6,2,2019
ESP,2011,20.8,2,2019
ESP,2012,20.4,2,2019
ESP,2013,22.2,2,2019
ESP,2014,22.1,2,2019
ESP,2015,22.3,2,2019
ESP,2016,21.6,2,2019
ESP,2017,21.5,2,2019
ESP,2018,20.7,2,2019
ESP,2019,21,2,2019
EST,1999,18,0,2019
EST,2000,18,0,2019
EST,2001,18,0,2019
EST,2003,20.2,1,2019
EST,2004,18.3,1,2019
EST,2005,18.3,1,2019
EST,2006,19.4,1,2019
EST,2007,19.5,1,2019
EST,2008,19.7,1,2019
EST,2009,15.8,1,2019
EST,2010,17.5,1,2019
EST,2011,17.5,1,2019
EST,2012,18.6,1,2019
EST,2013,21.799999,0,2019
EST,2014,21.6,1,2019
EST,2015,21.7,1,2019
EST,2016,21,1,2019
EST,2017,21.9,1,2019
EST,2018,21.7,1,2019
EST,2019,20.7,1,2019
ETH,2004,38.7,0,2015
ETH,2010,29.6,0,2015
ETH,2015,23.5,0,2015
FIN,1995,8,0,2019
FIN,1996,8,0,2019
FIN,1997,9,0,2019
FIN,1998,11,0,2019
FIN,1999,11,0,2019
FIN,2000,11,1,2019
FIN,2001,11,1,2019
FIN,2003,11,2,2019
FIN,2004,11.7,2,2019
FIN,2005,12.6,2,2019
FIN,2006,13,2,2019
FIN,2007,13.6,2,2019
FIN,2008,13.8,2,2019
FIN,2009,13.1,2,2019
FIN,2010,13.7,2,2019
FIN,2011,13.2,2,2019
FIN,2012,11.8,2,2019
FIN,2013,12.8,2,2019
FIN,2014,12.4,2,2019
FIN,2015,11.6,2,2019
FIN,2016,11.5,2,2019
FIN,2017,12,2,2019
FIN,2018,11.6,2,2019
FIN,2019,12.2,2,2019
FJI,2002,39.799999,0,2019
FJI,2008,35.200001,0,2019
FJI,2013,34,0,2019
FJI,2019,24.1,1,2019
FRA,1994,15,0,2019
FRA,1995,15,0,2019
FRA,1996,15,0,2019
FRA,1997,15,0,2019
FRA,1998,15,0,2019
FRA,1999,16,0,2019
FRA,2000,13,1,2019
FRA,2001,12,1,2019
FRA,2003,13.5,2,2019
FRA,2004,13,2,2019
FRA,2005,13.2,2,2019
FRA,2006,13.1,2,2019
FRA,2007,12.5,2,2019
FRA,2008,12.9,2,2019
FRA,2009,13.3,2,2019
FRA,2010,14,2,2019
FRA,2011,14.1,2,2019
FRA,2012,13.7,2,2019
FRA,2013,13.3,2,2019
FRA,2014,13.6,2,2019
FRA,2015,13.6,2,2019
FRA,2016,13.2,2,2019
FRA,2017,13.4,2,2019
FRA,2018,13.6,2,2019
FRA,2019,13.8,3,2019
FSM,2005,29.9,0,2013
FSM,2013,41.200001,1,2013
GAB,2005,32.700001,0,2017
GAB,2017,33.4,0,2017
GBR,1994,20,0,2017
GBR,1995,18,0,2017
GBR,1996,18,0,2017
GBR,1997,19,0,2017
GBR,1998,19,0,2017
GBR,1999,19,1,2017
GBR,2000,18,1,2017
GBR,2001,18,1,2017
GBR,2004,19,2,2017
GBR,2005,19,2,2017
GBR,2006,18.6,2,2017
GBR,2007,18.7,2,2017
GBR,2008,17.3,2,2017
GBR,2009,17.1,2,2017
GBR,2010,16.2,2,2017
GBR,2011,16,2,2017
GBR,2012,15.9,2,2017
GBR,2013,16.8,2,2017
GBR,2014,16.6,2,2017
GBR,2015,15.9,2,2017
GBR,2016,17,3,2017
GBR,2017,18.6,3,2017
GEO,2004,34.3,0,2020
GEO,2005,35.4,0,2020
GEO,2006,36.9,0,2020
GEO,2007,38.8,0,2020
GEO,2008,34.9,0,2020
GEO,2009,34.9,0,2020
GEO,2010,37.3,0,2020
GEO,2011,34.1,0,2020
GEO,2012,30,0,2020
GEO,2013,26.2,0,2020
GEO,2014,23.5,0,2020
GEO,2015,21.6,0,2020
GEO,2016,22,0,2020
GEO,2017,21.9,0,2020
GEO,2018,20.1,0,2020
GEO,2019,19.5,0,2020
GEO,2020,21.3,0,2020
GHA,2005,31.9,0,2016
GHA,2012,24.200001,0,2016
GHA,2016,23.4,0,2016
GIN,2002,55.400002,0,2018
GIN,2007,53,0,2018
GIN,2012,55.200001,0,2018
GIN,2018,43.7,1,2018
GMB,2010,48.1,1,2015
GMB,2015,48.6,1,2015
GNB,2002,64.699997,0,2018
GNB,2010,48.7,0,2018
GNB,2018,47.7,0,2018
GNQ,2006,76.800003,0,2006
GRC,1994,22,0,2019
GRC,1995,21,0,2019
GRC,1996,21,0,2019
GRC,1997,21,0,2019
GRC,1998,21,0,2019
GRC,1999,20,0,2019
GRC,2000,20,0,2019
GRC,2002,20.7,1,2019
GRC,2003,19.9,1,2019
GRC,2004,19.6,1,2019
GRC,2005,20.5,1,2019
GRC,2006,20.3,1,2019
GRC,2007,20.1,1,2019
GRC,2008,19.7,1,2019
GRC,2009,20.1,1,2019
GRC,2010,21.4,1,2019
GRC,2011,23.1,1,2019
GRC,2012,23.1,1,2019
GRC,2013,22.1,1,2019
GRC,2014,21.4,1,2019
GRC,2015,21.2,1,2019
GRC,2016,20.2,1,2019
GRC,2017,18.5,1,2019
GRC,2018,17.9,1,2019
GRC,2019,17.7,1,2019
GTM,2000,56,0,2014
GTM,2006,51,0,2014
GTM,2014,59.290001,0,2014
HND,2001,63.677996,1,2019
HND,2002,64.759932,1,2019
HND,2003,65.051645,1,2019
HND,2004,64.705605,1,2019
HND,2005,63.655454,1,2019
HND,2006,59.944236,1,2019
HND,2007,58.249341,1,2019
HND,2008,59.161013,1,2019
HND,2009,58.750066,1,2019
HND,2010,59.96,1,2019
HND,2011,61.929927,1,2019
HND,2012,66.526443,1,2019
HND,2013,64.508562,1,2019
HND,2014,49.702209,2,2019
HND,2015,51.530329,2,2019
HND,2016,49.667238,2,2019
HND,2017,49.768154,2,2019
HND,2018,50.361099,2,2019
HND,2019,47.959334,2,2019
HRV,2009,20.6,0,2019
HRV,2010,20.9,0,2019
HRV,2011,20.4,0,2019
HRV,2012,19.5,0,2019
HRV,2013,19.4,0,2019
HRV,2014,20,0,2019
HRV,2015,19.5,0,2019
HRV,2016,20,0,2019
HRV,2017,19.3,0,2019
HRV,2018,18.3,0,2019
HRV,2019,18.3,0,2019
HTI,2012,58.5,0,2012
HUN,1999,11,0,2019
HUN,2000,11,0,2019
HUN,2001,10,0,2019
HUN,2004,13.5,0,2019
HUN,2005,15.9,0,2019
HUN,2006,12.3,0,2019
HUN,2007,12.4,0,2019
HUN,2008,12.4,0,2019
HUN,2009,12.3,0,2019
HUN,2010,14.1,0,2019
HUN,2011,14.3,0,2019
HUN,2012,15,0,2019
HUN,2013,15,0,2019
HUN,2014,14.9,0,2019
HUN,2015,14.5,1,2019
HUN,2016,13.4,1,2019
HUN,2017,12.8,1,2019
HUN,2018,12.3,1,2019
HUN,2019,12.3,1,2019
IDN,2000,19.14,0,2020
IDN,2001,18.41,0,2020
IDN,2002,18.2,0,2020
IDN,2003,17.42,0,2020
IDN,2004,16.66,0,2020
IDN,2005,15.97,0,2020
IDN,2006,17.75,0,2020
IDN,2007,16.58,0,2020
IDN,2008,15.42,0,2020
IDN,2009,14.15,0,2020
IDN,2011,12.49,0,2020
IDN,2012,11.96,0,2020
IDN,2013,11.37,0,2020
IDN,2014,11.25,0,2020
IDN,2015,11.22,0,2020
IDN,2016,10.86,0,2020
IDN,2017,10.64,0,2020
IDN,2018,9.82,0,2020
IDN,2019,9.41,0,2020
IDN,2020,9.78,0,2020
IND,2004,37.200001,0,2011
IND,2009,29.799999,0,2011
IND,2011,21.9,0,2011
IRL,1994,19,0,2019
IRL,1995,19,0,2019
IRL,1996,19,0,2019
IRL,1997,19,0,2019
IRL,1998,19,0,2019
IRL,1999,20,0,2019
IRL,2000,21,0,2019
IRL,2002,20.5,1,2019
IRL,2003,20.9,1,2019
IRL,2004,19.7,1,2019
IRL,2005,18.5,1,2019
IRL,2006,17.2,1,2019
IRL,2007,15.5,1,2019
IRL,2008,15,1,2019
IRL,2009,15.2,1,2019
IRL,2010,15.2,1,2019
IRL,2011,16.3,1,2019
IRL,2012,15.7,1,2019
IRL,2013,16.8,1,2019
IRL,2014,16.2,1,2019
IRL,2015,16.8,1,2019
IRL,2016,15.6,1,2019
IRL,2017,14.9,1,2019
IRL,2018,13.1,1,2019
IRL,2019,13.9,2,2019
IRQ,2006,22.4,0,2012
IRQ,2012,18.9,0,2012
ISL,2003,10,0,2017
ISL,2004,9.7,0,2017
ISL,2005,9.6,0,2017
ISL,2006,10.1,0,2017
ISL,2007,10.1,0,2017
ISL,2008,10.2,0,2017
ISL,2009,9.8,0,2017
ISL,2010,9.2,0,2017
ISL,2011,7.9,0,2017
ISL,2012,9.3,0,2017
ISL,2013,7.9,0,2017
ISL,2014,9.2,0,2017
ISL,2015,8.8,0,2017
ISL,2016,10.1,0,2017
ISL,2017,8.8,0,2017
ITA,1994,20,0,2018
ITA,1995,20,0,2018
ITA,1996,19,0,2018
ITA,1997,18,0,2018
ITA,1998,18,0,2018
ITA,1999,18,0,2018
ITA,2000,19,0,2018
ITA,2003,18.9,1,2018
ITA,2004,19.2,1,2018
ITA,2005,19.3,1,2018
ITA,2006,19.5,1,2018
ITA,2007,18.9,1,2018
ITA,2008,18.4,1,2018
ITA,2009,18.7,1,2018
ITA,2010,19.8,1,2018
ITA,2011,19.5,1,2018
ITA,2012,19.3,1,2018
ITA,2013,19.4,1,2018
ITA,2014,19.9,1,2018
ITA,2015,20.6,1,2018
ITA,2016,20.3,1,2018
ITA,2017,20.3,1,2018
ITA,2018,20.1,1,2018
JAM,2000,18.700001,0,2012
JAM,2001,16.9,0,2012
JAM,2002,19.700001,0,2012
JAM,2003,19.1,0,2012
JAM,2004,16.9,0,2012
JAM,2005,14.8,0,2012
JAM,2006,14.3,0,2012
JAM,2007,9.8999996,0,2012
JAM,2008,12.3,0,2012
JAM,2009,16.5,0,2012
JAM,2010,17.6,0,2012
JAM,2012,19.9,0,2012
JOR,2006,13,0,2018
JOR,2008,13.3,0,2018
JOR,2010,14.4,0,2018
JOR,2018,15.7,1,2018
KAZ,2001,46.700001,1,2020
KAZ,2002,44.5,1,2020
KAZ,2003,37.5,1,2020
KAZ,2004,33.900002,1,2020
KAZ,2005,31.6,1,2020
KAZ,2006,18.200001,1,2020
KAZ,2007,12.7,1,2020
KAZ,2008,12.1,1,2020
KAZ,2009,8.1999998,1,2020
KAZ,2010,6.5,1,2020
KAZ,2011,5.5,1,2020
KAZ,2012,3.8,1,2020
KAZ,2013,2.9000001,1,2020
KAZ,2014,2.8,1,2020
KAZ,2015,2.7,1,2020
KAZ,2016,2.5,1,2020
KAZ,2017,2.5,1,2020
KAZ,2018,4.3,2,2020
KAZ,2019,4.3,2,2020
KAZ,2020,5.3,2,2020
KEN,2005,46.8,0,2015
KEN,2015,36.099998,0,2015
KGZ,2006,39.900002,0,2020
KGZ,2007,35,0,2020
KGZ,2008,31.700001,0,2020
KGZ,2009,31.700001,0,2020
KGZ,2010,33.700001,0,2020
KGZ,2011,36.799999,0,2020
KGZ,2012,38,0,2020
KGZ,2013,37,0,2020
KGZ,2014,30.6,0,2020
KGZ,2015,32.1,0,2020
KGZ,2016,25.4,0,2020
KGZ,2017,25.6,0,2020
KGZ,2018,22.4,0,2020
KGZ,2019,20.1,0,2020
KGZ,2020,25.3,0,2020
KHM,2003,50.200001,0,2012
KHM,2006,45,0,2012
KHM,2008,34,0,2012
KHM,2009,23.9,0,2012
KHM,2010,22.1,0,2012
KHM,2011,20.5,0,2012
KHM,2012,17.700001,0,2012
KIR,2006,21.799999,0,2020
KIR,2020,21.92,1,2020
LAO,2002,33.5,0,2018
LAO,2007,27.6,0,2018
LAO,2012,23.4,0,2018
LAO,2018,18.3,1,2018
LBN,2012,27.4,0,2012
LBR,2007,63.799999,0,2016
LBR,2014,54.1,0,2016
LBR,2016,50.9,0,2016
LCA,2016,25,0,2016
LKA,2002,22.7,0,2016
LKA,2006,15.2,0,2016
LKA,2009,8.9,0,2016
LKA,2012,6.7,0,2016
LKA,2016,4.1,0,2016
LSO,2002,56.599998,0,2017
LSO,2017,49.7,0,2017
LTU,1999,17,0,2019
LTU,2000,17,0,2019
LTU,2004,20.5,0,2019
LTU,2005,20,0,2019
LTU,2006,19.1,0,2019
LTU,2007,20.9,0,2019
LTU,2008,20.299999,0,2019
LTU,2009,20.5,0,2019
LTU,2010,19.200001,0,2019
LTU,2011,18.6,0,2019
LTU,2012,20.6,0,2019
LTU,2013,19.1,0,2019
LTU,2014,22.200001,0,2019
LTU,2015,21.9,1,2019
LTU,2016,22.9,1,2019
LTU,2017,22.9,1,2019
LTU,2018,20.6,1,2019
LTU,2019,20.9,1,2019
LUX,1994,12,0,2019
LUX,1995,11,0,2019
LUX,1996,11,0,2019
LUX,1997,12,0,2019
LUX,1998,13,0,2019
LUX,1999,12,0,2019
LUX,2000,12,0,2019
LUX,2002,11.9,1,2019
LUX,2003,12.7,1,2019
LUX,2004,13.7,1,2019
LUX,2005,14.1,1,2019
LUX,2006,13.5,1,2019
LUX,2007,13.4,1,2019
LUX,2008,14.9,1,2019
LUX,2009,14.5,1,2019
LUX,2010,13.6,1,2019
LUX,2011,15.1,1,2019
LUX,2012,15.9,1,2019
LUX,2013,16.4,1,2019
LUX,2014,15.3,1,2019
LUX,2015,15.8,2,2019
LUX,2016,16.4,2,2019
LUX,2017,16.7,2,2019
LUX,2018,17.5,2,2019
LUX,2019,17.4,3,2019
LVA,1999,16,0,2019
LVA,2004,19.4,0,2019
LVA,2005,23.5,0,2019
LVA,2006,21.200001,0,2019
LVA,2007,25.9,0,2019
LVA,2008,26.4,0,2019
LVA,2009,20.9,0,2019
LVA,2010,19,0,2019
LVA,2011,19.200001,0,2019
LVA,2012,19.4,0,2019
LVA,2013,21.200001,0,2019
LVA,2014,22.5,0,2019
LVA,2015,21.8,1,2019
LVA,2016,22.1,1,2019
LVA,2017,23.3,1,2019
LVA,2018,22.9,1,2019
LVA,2019,21.6,1,2019
MAR,2000,15.3,0,2013
MAR,2007,8.8999996,0,2013
MAR,2013,4.8,0,2013
MDA,2001,54.6,1,2020
MDA,2002,40.4,1,2020
MDA,2003,29,1,2020
MDA,2004,26.5,1,2020
MDA,2006,30.2,1,2020
MDA,2007,25.8,1,2020
MDA,2008,26.4,1,2020
MDA,2009,26.3,1,2020
MDA,2010,21.9,1,2020
MDA,2011,17.5,1,2020
MDA,2012,16.6,1,2020
MDA,2013,12.7,1,2020
MDA,2014,11.4,2,2020
MDA,2015,9.6,2,2020
MDA,2016,9.5,2,2020
MDA,2017,10.1,2,2020
MDA,2018,7.3,2,2020
MDA,2019,25.2,3,2020
MDA,2020,26.8,3,2020
MDG,2001,70.800003,0,2012
MDG,2005,73.199997,0,2012
MDG,2010,71.699997,0,2012
MDG,2012,70.699997,0,2012
MDV,2016,8.2,1,2019
MDV,2019,5.4,2,2019
MEX,2008,44.3581,0,2020
MEX,2012,45.4792,0,2020
MEX,2014,46.1675,0,2020
MEX,2016,43.558,0,2020
MEX,2018,41.905911,1,2020
MEX,2020,43.911355,1,2020
MKD,2009,27,0,2018
MKD,2010,26.8,0,2018
MKD,2011,26.2,0,2018
MKD,2012,24.2,0,2018
MKD,2013,22.1,0,2018
MKD,2014,21.5,0,2018
MKD,2015,21.9,0,2018
MKD,2016,22.2,0,2018
MKD,2017,21.9,0,2018
MKD,2018,21.6,0,2018
MLI,2001,50.9,1,2020
MLI,2006,41.7,1,2020
MLI,2009,41.1,1,2020
MLI,2011,45.4,1,2020
MLI,2013,47.1,1,2020
MLI,2014,46.9,1,2020
MLI,2015,47.2,1,2020
MLI,2016,46.8,1,2020
MLI,2017,44.9,1,2020
MLI,2018,43.8,1,2020
MLI,2019,42.3,1,2020
MLI,2020,41.9,1,2020
MLT,1999,15,0,2019
MLT,2004,14.3,1,2019
MLT,2005,14.2,1,2019
MLT,2006,15.1,1,2019
MLT,2007,15.3,1,2019
MLT,2008,14.9,1,2019
MLT,2009,15.5,1,2019
MLT,2010,15.6,1,2019
MLT,2011,15.1,1,2019
MLT,2012,15.8,1,2019
MLT,2013,15.8,1,2019
MLT,2014,16.6,1,2019
MLT,2015,16.5,1,2019
MLT,2016,16.7,1,2019
MLT,2017,16.8,1,2019
MLT,2018,17.1,1,2019
MLT,2019,16.9,1,2019
MMR,2005,48.2,0,2017
MMR,2010,42.2,0,2017
MMR,2015,32.1,0,2017
MMR,2017,24.8,0,2017
MNE,2012,25.2,0,2019
MNE,2013,24.1,0,2019
MNE,2014,24.4,0,2019
MNE,2015,24,0,2019
MNE,2016,23.6,0,2019
MNE,2017,23.8,0,2019
MNE,2018,24.5,0,2019
MNE,2019,22.6,0,2019
MNG,2010,38.8,1,2020
MNG,2011,33.700001,1,2020
MNG,2012,27.4,1,2020
MNG,2014,21.6,1,2020
MNG,2016,29.6,1,2020
MNG,2018,28.399,1,2020
MNG,2020,27.8,1,2020
MOZ,2002,54.099998,0,2014
MOZ,2008,54.700001,0,2014
MOZ,2014,46.099998,0,2014
MRT,2000,51,0,2014
MRT,2004,46.700001,0,2014
MRT,2008,42,0,2014
MRT,2014,31,0,2014
MUS,2012,7.9,0,2017
MUS,2017,10.3,0,2017
MWI,2004,52.4,0,2019
MWI,2010,50.7,0,2019
MWI,2016,51.5,0,2019
MWI,2019,50.74,0,2019
MYS,2002,5.1,0,2020
MYS,2004,5.6999998,0,2020
MYS,2007,3.6,0,2020
MYS,2009,3.8,0,2020
MYS,2012,1.7,0,2020
MYS,2014,.6,0,2020
MYS,2016,7.6,1,2020
MYS,2019,5.6,1,2020
MYS,2020,8.4,1,2020
NAM,2003,37.7,0,2015
NAM,2009,28.7,0,2015
NAM,2015,17.4,0,2015
NER,2011,48.900002,0,2018
NER,2014,44.5,0,2018
NER,2018,40.83,1,2018
NGA,2003,48.400002,0,2018
NGA,2018,40.09,1,2018
NIC,2001,45.8,0,2016
NIC,2005,48.299999,0,2016
NIC,2009,42.5,0,2016
NIC,2014,29.6,0,2016
NIC,2016,24.9,0,2016
NLD,1994,11,0,2019
NLD,1995,12,0,2019
NLD,1996,10,0,2019
NLD,1997,10,0,2019
NLD,1998,11,0,2019
NLD,1999,11,0,2019
NLD,2000,11,0,2019
NLD,2001,11,0,2019
NLD,2004,10.7,1,2019
NLD,2005,9.7,1,2019
NLD,2006,10.2,1,2019
NLD,2007,10.5,1,2019
NLD,2008,11.1,1,2019
NLD,2009,10.3,1,2019
NLD,2010,11,1,2019
NLD,2011,10.1,1,2019
NLD,2012,10.4,1,2019
NLD,2013,11.6,1,2019
NLD,2014,11.6,1,2019
NLD,2015,12.7,2,2019
NLD,2016,13.2,2,2019
NLD,2017,13.3,2,2019
NLD,2018,13.2,2,2019
NLD,2019,13.4,2,2019
NOR,2000,11,0,2019
NOR,2001,10,0,2019
NOR,2002,10.8,1,2019
NOR,2003,10.8,1,2019
NOR,2004,11.4,1,2019
NOR,2005,12,1,2019
NOR,2006,11.9,1,2019
NOR,2007,11.4,1,2019
NOR,2008,11.7,1,2019
NOR,2009,11.2,1,2019
NOR,2010,10.5,1,2019
NOR,2011,10,1,2019
NOR,2012,10.9,1,2019
NOR,2013,10.9,1,2019
NOR,2014,11.9,1,2019
NOR,2015,12.2,1,2019
NOR,2016,12.3,1,2019
NOR,2017,12.9,1,2019
NOR,2018,12.7,1,2019
NOR,2019,12.7,1,2019
NPL,2010,25.2,0,2010
PAK,2001,64.3,1,2018
PAK,2004,51.7,1,2018
PAK,2005,50.4,1,2018
PAK,2007,44.1,1,2018
PAK,2010,36.8,1,2018
PAK,2011,36.3,1,2018
PAK,2013,29.5,1,2018
PAK,2015,24.3,1,2018
PAK,2018,21.8902,1,2018
PAN,2000,37.9,0,2019
PAN,2005,36.6,0,2019
PAN,2006,38.3,0,2019
PAN,2007,36.5,0,2019
PAN,2008,33.8,0,2019
PAN,2009,33.4,0,2019
PAN,2010,29.8,0,2019
PAN,2011,27.6,0,2019
PAN,2012,26.5,0,2019
PAN,2013,25.8,0,2019
PAN,2014,25.6,0,2019
PAN,2015,23,0,2019
PAN,2016,22.1,0,2019
PAN,2017,20.7,0,2019
PAN,2018,21.4,0,2019
PAN,2019,21.5,0,2019
PER,2004,58.700001,0,2020
PER,2005,55.599998,0,2020
PER,2006,49.200001,0,2020
PER,2007,42.400002,0,2020
PER,2008,37.299999,0,2020
PER,2009,33.5,0,2020
PER,2010,30.8,0,2020
PER,2011,27.799999,0,2020
PER,2012,25.799999,0,2020
PER,2013,23.9,0,2020
PER,2014,22.700001,0,2020
PER,2015,21.799999,0,2020
PER,2016,20.700001,0,2020
PER,2017,21.7,0,2020
PER,2018,20.5,0,2020
PER,2019,20.2,0,2020
PER,2020,30.1,0,2020
PHL,2006,26.6,0,2018
PHL,2009,26.299999,0,2018
PHL,2012,25.200001,0,2018
PHL,2015,23.5,0,2018
PHL,2018,16.7,0,2018
PLW,2006,24.9,0,2006
PNG,2009,39.900002,0,2009
POL,1999,16,0,2019
POL,2000,16,0,2019
POL,2004,20.5,0,2019
POL,2005,19.1,0,2019
POL,2006,17.3,0,2019
POL,2007,16.9,0,2019
POL,2008,17.1,0,2019
POL,2009,17.6,0,2019
POL,2010,17.7,0,2019
POL,2011,17.1,0,2019
POL,2012,17.3,0,2019
POL,2013,17,0,2019
POL,2014,17.6,0,2019
POL,2015,17.3,0,2019
POL,2016,15,0,2019
POL,2017,14.8,0,2019
POL,2018,15.4,0,2019
POL,2019,14.8,0,2019
PRT,1994,23,0,2019
PRT,1995,21,0,2019
PRT,1996,22,0,2019
PRT,1997,21,0,2019
PRT,1998,21,0,2019
PRT,1999,21,0,2019
PRT,2000,20,0,2019
PRT,2001,20,0,2019
PRT,2003,20.4,1,2019
PRT,2004,19.4,1,2019
PRT,2005,18.5,1,2019
PRT,2006,18.1,1,2019
PRT,2007,18.5,1,2019
PRT,2008,17.9,1,2019
PRT,2009,17.9,1,2019
PRT,2010,18,1,2019
PRT,2011,17.9,1,2019
PRT,2012,18.7,1,2019
PRT,2013,19.5,1,2019
PRT,2014,19.5,1,2019
PRT,2015,19,1,2019
PRT,2016,18.3,1,2019
PRT,2017,17.3,1,2019
PRT,2018,17.2,1,2019
PRT,2019,16.2,1,2019
PRY,2002,57.718864,0,2020
PRY,2003,51.428566,0,2020
PRY,2004,48.784805,0,2020
PRY,2005,44.856987,0,2020
PRY,2006,48.851383,0,2020
PRY,2007,45.327873,0,2020
PRY,2008,43.18972,0,2020
PRY,2009,41.614841,0,2020
PRY,2010,38.963699,0,2020
PRY,2011,37.031879,0,2020
PRY,2012,31.372053,0,2020
PRY,2013,27.998907,0,2020
PRY,2014,27.178675,0,2020
PRY,2015,26.581402,0,2020
PRY,2016,28.86,0,2020
PRY,2017,26.4,0,2020
PRY,2018,24.2,0,2020
PRY,2019,23.514937,0,2020
PRY,2020,26.9,0,2020
PSE,2004,25.9,0,2016
PSE,2005,24.3,0,2016
PSE,2006,24,0,2016
PSE,2007,31.2,0,2016
PSE,2009,22.6,0,2016
PSE,2010,25.7,1,2016
PSE,2011,25.8,1,2016
PSE,2016,29.2,1,2016
ROU,1999,17,0,2019
ROU,2000,17,0,2019
ROU,2001,18,0,2019
ROU,2006,24.6,0,2019
ROU,2007,23.6,0,2019
ROU,2008,22.1,0,2019
ROU,2009,21.6,0,2019
ROU,2010,22.3,0,2019
ROU,2011,22.9,0,2019
ROU,2012,23,0,2019
ROU,2013,25.1,0,2019
ROU,2014,25.4,0,2019
ROU,2015,25.3,0,2019
ROU,2016,23.6,0,2019
ROU,2017,23.5,0,2019
ROU,2018,23.8,0,2019
ROU,2019,23.4,1,2019
RUS,2000,29,0,2020
RUS,2002,24.6,0,2020
RUS,2003,20.299999,0,2020
RUS,2004,17.6,0,2020
RUS,2005,17.799999,0,2020
RUS,2006,15.2,0,2020
RUS,2007,13.3,0,2020
RUS,2008,13.4,0,2020
RUS,2009,13,0,2020
RUS,2010,12.5,0,2020
RUS,2011,12.7,0,2020
RUS,2012,10.7,0,2020
RUS,2013,10.8,0,2020
RUS,2014,11.2,0,2020
RUS,2015,13.3,0,2020
RUS,2016,13.3,0,2020
RUS,2017,13.2,0,2020
RUS,2018,12.6,0,2020
RUS,2019,12.3,0,2020
RUS,2020,12.1,0,2020
RWA,2000,58.900002,0,2016
RWA,2005,56.700001,0,2016
RWA,2010,44.9,0,2016
RWA,2013,39.099998,1,2016
RWA,2016,38.2,1,2016
SDN,2009,46.5,0,2009
SEN,2001,55.200001,1,2011
SEN,2005,48.299999,1,2011
SEN,2011,46.700001,1,2011
SLB,2005,22.700001,0,2013
SLB,2013,12.7,0,2013
SLE,2003,66.400002,0,2018
SLE,2011,52.900002,0,2018
SLE,2018,56.8,1,2018
SLV,2007,34.6,0,2020
SLV,2008,40,1,2020
SLV,2009,37.8,1,2020
SLV,2010,36.5,1,2020
SLV,2011,40.6,1,2020
SLV,2012,34.5,1,2020
SLV,2013,29.6,1,2020
SLV,2014,31.8,1,2020
SLV,2015,34.9,1,2020
SLV,2016,32.7,1,2020
SLV,2017,29.2,1,2020
SLV,2018,26.3,1,2020
SLV,2019,22.8,1,2020
SLV,2020,26.2,2,2020
SRB,2012,24.5,0,2019
SRB,2013,25,0,2019
SRB,2014,26.7,0,2019
SRB,2015,25.9,0,2019
SRB,2016,25.7,0,2019
SRB,2017,24.3,0,2019
SRB,2018,23.2,0,2019
SRB,2019,21.7,0,2019
SSD,2009,50.599998,0,2016
SSD,2016,82.3,1,2016
SVK,2004,13.3,0,2019
SVK,2005,11.6,0,2019
SVK,2006,10.6,0,2019
SVK,2007,10.9,0,2019
SVK,2008,11,0,2019
SVK,2009,12,0,2019
SVK,2010,13,0,2019
SVK,2011,13.2,0,2019
SVK,2012,12.8,0,2019
SVK,2013,12.6,0,2019
SVK,2014,12.3,0,2019
SVK,2015,12.7,0,2019
SVK,2016,12.4,0,2019
SVK,2017,12.2,0,2019
SVK,2018,11.9,0,2019
SVK,2019,11.4,0,2019
SVN,1999,11,0,2019
SVN,2000,11,0,2019
SVN,2001,10,0,2019
SVN,2004,12.2,0,2019
SVN,2005,11.6,0,2019
SVN,2006,11.5,0,2019
SVN,2007,12.3,0,2019
SVN,2008,11.3,0,2019
SVN,2009,12.7,0,2019
SVN,2010,13.6,0,2019
SVN,2011,13.5,0,2019
SVN,2012,14.5,0,2019
SVN,2013,14.5,0,2019
SVN,2014,14.3,0,2019
SVN,2015,13.9,1,2019
SVN,2016,13.3,1,2019
SVN,2017,13.3,1,2019
SVN,2018,12,1,2019
SVN,2019,12.4,1,2019
SWE,1996,8,0,2019
SWE,1998,8,0,2019
SWE,2000,9,0,2019
SWE,2001,11,1,2019
SWE,2003,11.3,2,2019
SWE,2004,9.5,2,2019
SWE,2005,12.3,2,2019
SWE,2006,10.5,2,2019
SWE,2007,13.5,3,2019
SWE,2008,14.4,3,2019
SWE,2009,14.8,3,2019
SWE,2010,15.4,3,2019
SWE,2011,15.2,3,2019
SWE,2012,16,3,2019
SWE,2013,15.6,3,2019
SWE,2014,16.3,3,2019
SWE,2015,16.2,3,2019
SWE,2016,15.8,3,2019
SWE,2017,16.4,3,2019
SWE,2018,17.1,3,2019
SWE,2019,16.1,3,2019
SWZ,2001,69,0,2017
SWZ,2009,63,0,2017
SWZ,2017,58.9,0,2017
SYC,2013,39.299999,1,2018
SYC,2018,25.3,1,2018
SYR,2004,30.1,0,2007
SYR,2007,35.200001,0,2007
TCD,2002,54.799999,0,2018
TCD,2011,46.700001,0,2018
TCD,2018,42.3,1,2018
TGO,2006,61.700001,0,2015
TGO,2011,58.700001,0,2015
TGO,2015,55.099998,0,2015
THA,2000,42.33,0,2020
THA,2002,32.44,0,2020
THA,2004,26.76,0,2020
THA,2006,21.94,0,2020
THA,2007,20.04,0,2020
THA,2008,20.43,0,2020
THA,2009,17.88,0,2020
THA,2010,16.37,0,2020
THA,2011,13.22,0,2020
THA,2012,12.64,0,2020
THA,2013,10.94,0,2020
THA,2014,10.53,0,2020
THA,2015,7.21,0,2020
THA,2016,8.61,0,2020
THA,2017,7.87,0,2020
THA,2018,9.85,0,2020
THA,2019,6.24,0,2020
THA,2020,6.84,0,2020
TJK,2013,34.299999,0,2019
TJK,2014,32,0,2019
TJK,2015,31.299999,0,2019
TJK,2016,30.3,0,2019
TJK,2017,29.5,0,2019
TJK,2018,27.4,0,2019
TJK,2019,26.3,0,2019
TLS,2001,36.299999,1,2014
TLS,2007,50.400002,1,2014
TLS,2014,41.799999,1,2014
TON,2001,16.200001,0,2009
TON,2009,22.5,0,2009
TUN,2000,25.4,0,2015
TUN,2005,23.1,0,2015
TUN,2010,20.5,0,2015
TUN,2015,15.2,0,2015
TUR,2001,25,0,2019
TUR,2005,18.5538,0,2019
TUR,2006,16.3024,0,2019
TUR,2007,16.7258,0,2019
TUR,2008,17.1488,0,2019
TUR,2009,16.9,0,2019
TUR,2010,16.1238,0,2019
TUR,2011,16.3009,0,2019
TUR,2012,14.9579,0,2019
TUR,2013,14.9709,0,2019
TUR,2014,14.7,0,2019
TUR,2015,14.3,0,2019
TUR,2016,13.5,0,2019
TUR,2017,13.9,0,2019
TUR,2018,14.4,0,2019
TUR,2019,15,0,2019
TUV,2010,26.299999,0,2010
TZA,2000,35.6,0,2018
TZA,2007,34.4,0,2018
TZA,2011,28.200001,0,2018
TZA,2018,26.4,0,2018
UGA,2002,38.8,0,2019
UGA,2005,31.1,0,2019
UGA,2009,24.5,0,2019
UGA,2012,19.7,0,2019
UGA,2016,21.4,0,2019
UGA,2019,20.3,0,2019
UKR,2002,83.300003,0,2019
UKR,2003,76.199997,0,2019
UKR,2004,65.599998,0,2019
UKR,2005,55.299999,0,2019
UKR,2006,49.700001,0,2019
UKR,2007,12.7,0,2019
UKR,2008,7.0999999,0,2019
UKR,2009,5.8000002,0,2019
UKR,2010,8.6,0,2019
UKR,2011,7.8000002,0,2019
UKR,2012,9,0,2019
UKR,2013,8.3000002,0,2019
UKR,2014,8.6000004,1,2019
UKR,2015,6.4000001,2,2019
UKR,2016,3.8,3,2019
UKR,2017,2.4,4,2019
UKR,2018,1.3,5,2019
UKR,2019,1.1,6,2019
URY,2006,32.5,0,2020
URY,2007,29.6,0,2020
URY,2008,24.200001,0,2020
URY,2009,21,0,2020
URY,2010,18.5,0,2020
URY,2011,13.7,0,2020
URY,2012,12.4,0,2020
URY,2013,11.5,0,2020
URY,2014,9.6999998,0,2020
URY,2015,9.6999998,0,2020
URY,2016,9.3999996,0,2020
URY,2017,7.9,0,2020
URY,2018,8.1,0,2020
URY,2019,8.8,0,2020
URY,2020,11.6,1,2020
UZB,2012,15,0,2013
UZB,2013,14.1,0,2013
VEN,2000,41.599998,0,2015
VEN,2001,31.1,0,2015
VEN,2002,41.099998,0,2015
VEN,2003,54,0,2015
VEN,2004,53.099998,0,2015
VEN,2005,42.400002,0,2015
VEN,2006,33.099998,0,2015
VEN,2007,27.5,0,2015
VEN,2008,27.700001,0,2015
VEN,2009,26.4,0,2015
VEN,2010,26.799999,0,2015
VEN,2011,27.4,0,2015
VEN,2012,27.200001,0,2015
VEN,2013,29.4,0,2015
VEN,2014,29.5,0,2015
VEN,2015,33.099998,0,2015
VNM,2010,20.700001,0,2018
VNM,2012,17.200001,0,2018
VNM,2014,13.5,0,2018
VNM,2016,9.8,0,2018
VNM,2018,6.7,0,2018
VUT,2010,12.7,1,2020
VUT,2020,15.9,2,2020
WSM,2008,26.9,0,2013
WSM,2013,20.343,0,2013
XKX,2003,37.700001,0,2017
XKX,2004,43.7,0,2017
XKX,2005,34.8,0,2017
XKX,2006,45,0,2017
XKX,2009,34.5,0,2017
XKX,2010,29.200001,0,2017
XKX,2011,29.700001,0,2017
XKX,2012,22.9,1,2017
XKX,2013,17.6,1,2017
XKX,2014,21.1,1,2017
XKX,2015,17.6,1,2017
XKX,2017,27.9,0,2017
YEM,2005,34.799999,0,2014
YEM,2014,48.599998,0,2014
ZAF,2005,66.599998,0,2014
ZAF,2008,62.099998,0,2014
ZAF,2010,53.200001,0,2014
ZAF,2014,55.5,0,2014
ZMB,2010,54.7,0,2015
ZMB,2015,54.4,0,2015
ZWE,2001,32.2,0,2019
ZWE,2011,22.5,0,2019
ZWE,2017,30.4,0,2019
ZWE,2019,38.3,0,2019
