xyzdmxyzcountry,xyzdmxyzrequestyear,xyzdmxyzinterpolation,xyzdcxyzwelfaretype,xyzdpxyzsi_mpm_educ,xyzdpxyzsi_mpm_edue,xyzdpxyzsi_mpm_elec,xyzdpxyzsi_mpm_imps,xyzdpxyzsi_mpm_impw,xyzdpxyzsi_mpm_poor,xyzdpxyzsi_mpm_mdhc,survname,comparable_spell,xyzdcxyzpppyear,xyzdcxyzcoverage
AGO,2018,FALSE,CONS,.2975342,.2744306,.5263953,.5363752,.3210651,.31122,.4720361,IDREA,2018,2017,N
ALB,2012,FALSE,CONS,.0227138,.0673133,.004967,.0304023,.0034255,.0062069,.0079269,LSMS,2002-2012,2017,N
ALB,2016,FALSE,CONS,.0062246,,.004313,.0760324,.0840268,.001393,.0078134,HBS,2014-2017,2017,N
ALB,2017,FALSE,CONS,.0033123,,.0013132,.0697608,.0927045,.0039257,.0071135,HBS,2014-2017,2017,N
ALB,2018,FALSE,CONS,.0019238,,.0006025,.0657977,.0959497,.0004811,.0029316,HBS,2018-2020,2017,N
ARG,2010,FALSE,INC,.0190405,.009636,0,.0130865,.0032566,.0074654,.007694,EPHC-S2,2003-2022,2017,U
ARG,2011,FALSE,INC,.0180353,.0105141,0,.0123504,.0030864,.0071138,.0074787,EPHC-S2,2003-2022,2017,U
ARG,2012,FALSE,INC,.016484,.0083371,0,.0092399,.0032407,.0064705,.0068159,EPHC-S2,2003-2022,2017,U
ARG,2013,FALSE,INC,.0161902,.0089634,0,.0080511,.0032107,.0066668,.0070075,EPHC-S2,2003-2022,2017,U
ARG,2014,FALSE,INC,.0141841,.0094894,0,.0070432,.0040557,.0060478,.0062689,EPHC-S2,2003-2022,2017,U
ARG,2016,FALSE,INC,.0162789,.0117013,0,.0063667,.0040513,.0069689,.0072423,EPHC-S2,2003-2022,2017,U
ARG,2017,FALSE,INC,.0148508,.0071565,0,.0069742,.004007,.006038,.0061101,EPHC-S2,2003-2022,2017,U
ARG,2018,FALSE,INC,.0133947,.0073669,0,.0070777,.0026429,.0104432,.0109254,EPHC-S2,2003-2022,2017,U
ARG,2019,FALSE,INC,.0145894,.0064164,0,.0063389,.0025471,.0110974,.0113756,EPHC-S2,2003-2022,2017,U
ARG,2020,FALSE,INC,.0136046,.0065874,0,.0090321,.0012386,.0117313,.0117475,EPHC-S2,2003-2022,2017,U
ARG,2021,FALSE,INC,.0108532,.0073135,0,.0025745,.0036405,.0089422,.0090657,EPHC-S2,2003-2022,2017,U
ARG,2022,FALSE,INC,.0110711,.0070612,0,.0041016,.0037203,.0061189,.0061966,EPHC-S2,2003-2022,2017,U
ARM,2014,FALSE,CONS,.0004424,.0193573,.0022271,.0117963,.005737,.0143914,.0146425,ILCS,1999-2018,2017,N
ARM,2015,FALSE,CONS,.0003153,.021344,.0040505,.0093947,.0155328,.0114636,.0115047,ILCS,1999-2018,2017,N
ARM,2016,FALSE,CONS,.0005247,.0222206,.000968,.0792737,.0036402,.0110795,.0110795,ILCS,1999-2018,2017,N
ARM,2017,FALSE,CONS,.0006926,.017318,.0026792,.0728935,.0030484,.0078565,.0082168,ILCS,1999-2018,2017,N
ARM,2018,FALSE,CONS,.0001315,.0166296,.0006759,.05051,.0037203,.0133982,.0133982,ILCS,1999-2018,2017,N
ARM,2019,FALSE,CONS,.0003219,.020243,0,.0241159,.0105947,.0103007,.0103007,ILCS,2019-2022,2017,N
ARM,2020,FALSE,CONS,.00057,.0193726,0,.007581,.0159233,.0035201,.0035201,ILCS,2019-2022,2017,N
ARM,2021,FALSE,CONS,0,.01793,0,.0039773,.0066008,.0052352,.0052352,ILCS,2019-2022,2017,N
ARM,2022,FALSE,CONS,.0000385,.020359,0,.0058174,.0165461,.0078108,.0078108,ILCS,2019-2022,2017,N
AUS,2010,FALSE,INC,.0260019,,0,0,,.0047331,.0305821,SIH-HES-LIS,2004-2010,2011,N
AUS,2010,FALSE,INC,.0260019,,0,0,,.0047331,.0305821,SIH-HES-LIS,2004-2010,2017,N
AUS,2014,FALSE,INC,.0209397,,0,0,,.0051251,.0259507,SIH-LIS,1989-2018,2017,N
AUS,2014,FALSE,INC,.0209397,,0,0,,.0051251,.0259507,SIH-LIS,1989-2018,2011,N
AUS,2016,FALSE,INC,.0158957,,0,0,,.0044882,.0203276,SIH-HES-LIS,1989-2018,2017,N
AUS,2016,FALSE,INC,.0158957,,0,0,,.0044882,.0203276,SIH-HES-LIS,1989-2018,2011,N
AUS,2018,FALSE,INC,.0171188,,0,0,,.0051688,.0221577,SIH-LIS,1989-2018,2017,N
AUS,2018,FALSE,INC,.0171188,,0,0,,.0051688,.0221577,SIH-LIS,1989-2018,2011,N
AUT,2008,FALSE,INC,.0001931,,0,.0134555,.0071384,.0047591,.0049522,EU-SILC,2003-2021,2017,N
AUT,2009,FALSE,INC,.0055039,,0,,0,.0065623,.0119456,EU-SILC,2003-2021,2017,N
AUT,2010,FALSE,INC,.0029512,,0,.0119291,.0047358,.004907,.0078582,EU-SILC,2003-2021,2017,N
AUT,2011,FALSE,INC,.0029553,,0,.0104123,.0054853,.004154,.0071093,EU-SILC,2003-2021,2017,N
AUT,2012,FALSE,INC,.0047234,,0,.0103588,.0023153,.006241,.0109644,EU-SILC,2003-2021,2017,N
AUT,2013,FALSE,INC,0,,0,.0095938,.0029784,.00338,.00338,EU-SILC,2003-2021,2017,N
AUT,2014,FALSE,INC,0,,0,.0102777,.0045644,.0022426,.0022426,EU-SILC,2003-2021,2017,N
AUT,2015,FALSE,INC,0,,0,.0086816,.0022572,.0070904,.0070904,EU-SILC,2003-2021,2017,N
AUT,2016,FALSE,INC,.0000611,,0,.0061444,.0029482,.0066406,.0067018,EU-SILC,2003-2021,2017,N
AUT,2017,FALSE,INC,0,,0,.0066375,.005,.0031809,.0031809,EU-SILC,2003-2021,2017,N
AUT,2018,FALSE,INC,0,,0,.0046666,.0024118,.0057619,.0057619,EU-SILC,2003-2021,2017,N
AUT,2019,FALSE,INC,0,,0,.0083336,.0065137,.0068077,.0068077,EU-SILC,2003-2021,2017,N
AUT,2020,FALSE,INC,.0011586,,0,,0,.00688,.0080386,EU-SILC,2003-2021,2017,N
AUT,2021,FALSE,INC,.0017642,,0,,0,.0048582,.0066224,EU-SILC,2003-2021,2017,N
BDI,2013,FALSE,CONS,.6633524,.1889276,.9182661,.9430842,.2058417,.6513289,.8520085,ECVMB,1998-2013,2017,N
BDI,2020,FALSE,CONS,.4488123,.3421162,.7519012,.9100749,.1202142,.6206576,.7666706,EICVMB,2020,2017,N
BEL,2008,FALSE,INC,.019126,,0,.0063679,.0084384,.0042743,.0234003,EU-SILC,2003-2021,2017,N
BEL,2009,FALSE,INC,.0186772,,0,,0,.0022125,.0208897,EU-SILC,2003-2021,2017,N
BEL,2010,FALSE,INC,.0135781,,0,.0134519,.0086751,.0024362,.0158544,EU-SILC,2003-2021,2017,N
BEL,2011,FALSE,INC,.013453,,0,.0208533,.0077907,.0044316,.017752,EU-SILC,2003-2021,2017,N
BEL,2012,FALSE,INC,.0091362,,0,.0198834,.0070335,.0022377,.0107998,EU-SILC,2003-2021,2017,N
BEL,2013,FALSE,INC,.0140696,,0,.0209794,.0069413,.0022841,.0163537,EU-SILC,2003-2021,2017,N
BEL,2014,FALSE,INC,.0092932,,0,.0229984,.0066575,.0023683,.0115207,EU-SILC,2003-2021,2017,N
BEL,2015,FALSE,INC,.0187762,,0,.0165731,.0046269,.0026325,.0213854,EU-SILC,2003-2021,2017,N
BEL,2016,FALSE,INC,.0189738,,0,.0108735,.004391,.0027519,.0216661,EU-SILC,2003-2021,2017,N
BEL,2017,FALSE,INC,.0192437,,0,.0087375,.0034745,.0027878,.021956,EU-SILC,2003-2021,2017,N
BEL,2018,FALSE,INC,.0053961,,0,.0067558,.0033598,.0021541,.0074303,EU-SILC,2003-2021,2017,N
BEL,2019,FALSE,INC,.0055131,,0,.0074816,.0038366,.0021845,.0075484,EU-SILC,2003-2021,2017,N
BEL,2020,FALSE,INC,.0049923,,0,,0,.0015997,.006592,EU-SILC,2003-2021,2017,N
BEL,2021,FALSE,INC,.0064869,,0,,0,.0019313,.0084182,EU-SILC,2003-2021,2017,N
BEN,2015,FALSE,CONS,.6161151,.2545251,.6902094,.7066547,.2686916,.5070926,.7222898,EMICOV,2011-2015,2017,N
BEN,2018,FALSE,CONS,.5022199,.3146803,.5427265,.8002577,.2206907,.2008219,.5333803,EHCVM,2018-2021,2017,N
BEN,2021,FALSE,CONS,.4902389,.3166182,.348183,.7664959,.2410913,.1272328,.4544324,EHCVM,2018-2021,2017,N
BFA,2014,FALSE,CONS,.6469518,.5804275,.7926174,.6331269,.2061749,.3960286,.7300844,EMC,2014,2017,N
BFA,2018,FALSE,CONS,.5643739,.5093923,.4719777,.6963881,.1968828,.3120382,.6046739,EHCVM,2018-2021,2017,N
BFA,2021,FALSE,CONS,.4789394,.5100906,.3525817,.587326,.1732769,.2527707,.5298119,EHCVM,2018-2021,2017,N
BGD,2010,FALSE,CONS,.2914437,.1683337,.4363035,.4832358,.0375267,.1822386,.3134974,HIES,2000-2016,2017,N
BGD,2016,FALSE,CONS,.2202592,.0837466,.2364338,.5448481,.0280676,.1346497,.2048786,HIES,2000-2016,2017,N
BGD,2022,FALSE,CONS,.130215,.0552793,.0230775,.3031985,.0273407,.0411064,.0592396,HIES,2022,2017,N
BGR,2008,FALSE,INC,.0086443,,0,,0,.0125118,.0205427,EU-SILC,2006-2014,2017,N
BGR,2010,FALSE,INC,.0118447,,0,.2478638,.1518189,.0200774,.0304114,EU-SILC,2006-2014,2017,N
BGR,2011,FALSE,INC,.0129782,,0,.2242799,.138754,.0245876,.035658,EU-SILC,2006-2014,2017,N
BGR,2012,FALSE,INC,.0125056,,0,.2131343,.1381033,.0230944,.0323535,EU-SILC,2006-2014,2017,N
BGR,2013,FALSE,INC,.0094331,,0,.2063946,.1249498,.0178378,.0260391,EU-SILC,2006-2014,2017,N
BGR,2014,FALSE,INC,.0117536,,0,.1856489,.1162855,.0166031,.0254176,EU-SILC,2006-2014,2017,N
BGR,2015,FALSE,INC,.0100971,,0,.1845251,.1123402,.0341965,.0403725,EU-SILC,2015-2021,2017,N
BGR,2016,FALSE,INC,.0101108,,0,.1670022,.1036324,.0196649,.0267427,EU-SILC,2015-2021,2017,N
BGR,2017,FALSE,INC,.0067674,,0,.1532192,.093779,.0137177,.0196594,EU-SILC,2015-2021,2017,N
BGR,2018,FALSE,INC,.0079022,,0,.1368348,.0788098,.0087046,.0154961,EU-SILC,2015-2021,2017,N
BGR,2019,FALSE,INC,.0057717,,0,.1319379,.0743133,.0092999,.0144522,EU-SILC,2015-2021,2017,N
BGR,2020,FALSE,INC,.0059454,,0,,0,.0024786,.008424,EU-SILC,2015-2021,2017,N
BGR,2021,FALSE,INC,.0062884,,0,,0,.0069914,.0132798,EU-SILC,2015-2021,2017,N
BLR,2010,FALSE,CONS,.0002423,,,.1217548,.1038037,.0003394,.1015229,HHS,1998-2020,2017,N
BLR,2011,FALSE,CONS,.0006219,,,.1266616,.10712,.0000658,.1049951,HHS,1998-2020,2017,N
BLR,2012,FALSE,CONS,.0002846,,,.1324869,.1086928,.0001206,.1070876,HHS,1998-2020,2017,N
BLR,2013,FALSE,CONS,.0001313,,,.1059819,.0867694,0,.0856811,HHS,1998-2020,2017,N
BLR,2014,FALSE,CONS,.0002689,,,.090482,.0743395,0,.0736179,HHS,1998-2020,2017,N
BLR,2017,FALSE,CONS,.0003561,,,.067615,.0509506,0,.0499255,HHS,1998-2020,2017,N
BLR,2018,FALSE,CONS,0,,,.0525763,.0439354,0,.0427852,HHS,1998-2020,2017,N
BLR,2019,FALSE,CONS,0,,,.0459649,.0334295,0,.0315751,HHS,1998-2020,2017,N
BOL,2011,FALSE,INC,.1762622,.0380715,.1153774,.1916154,.1787357,.052989,.1268489,EH,2005-2021,2017,N
BOL,2012,FALSE,INC,.1765886,.0312684,.08873,.2763424,.0889975,.0646794,.116612,EH,2005-2021,2017,N
BOL,2013,FALSE,INC,.1671685,.0313306,.0954623,.2643218,.0869394,.0517307,.1101222,EH,2005-2021,2017,N
BOL,2014,FALSE,INC,.1836504,.043438,.0960156,.3257526,.0788311,.0427589,.1084392,EH,2005-2021,2017,N
BOL,2015,FALSE,INC,.1522281,.037643,.0837274,.2664806,.1082473,.0462996,.1015842,EH,2005-2021,2017,N
BOL,2016,FALSE,INC,.1684224,.0304668,.0727893,.2167504,.1168251,.0562034,.1144904,EH,2005-2021,2017,N
BOL,2017,FALSE,INC,.1618197,.0122806,.0721888,.2229465,.0968505,.0493336,.0959017,EH,2005-2021,2017,N
BOL,2018,FALSE,INC,.1531383,.0155656,.0623139,.1977964,.0939219,.0327489,.0855824,EH,2005-2021,2017,N
BOL,2019,FALSE,INC,.1338301,.0218443,.0487155,.1632324,.0738695,.0192054,.0560843,EH,2005-2021,2017,N
BOL,2020,FALSE,INC,.1397589,.0205767,.0437238,.1771538,.0655371,.0312151,.0655366,EH,2005-2021,2017,N
BOL,2021,FALSE,INC,.1228115,.0138387,.0293862,.1390599,.0990372,.019645,.0453978,EH,2005-2021,2017,N
BRA,2016,FALSE,INC,.1714216,.0062298,.0024933,.3645637,.0202486,.0473375,.0571788,PNADC-E1,2012-2022,2017,N
BRA,2017,FALSE,INC,.1651957,.0057312,.0023286,.3604706,.0214377,.0530275,.0619021,PNADC-E1,2012-2022,2017,N
BRA,2018,FALSE,INC,.1579398,.0052994,.0027178,.3587137,.0179757,.0530607,.0603041,PNADC-E1,2012-2022,2017,N
BRA,2019,FALSE,INC,.1501124,.004414,.0024595,.3434228,.0178277,.0540922,.0609172,PNADC-E1,2012-2022,2017,N
BRA,2022,FALSE,INC,.1316361,.0044616,.0020542,.3257976,.0130081,.035053,.0407191,PNADC-E1,2012-2022,2017,N
BTN,2012,FALSE,CONS,.4995933,.0652987,.1290476,.3376439,.0172566,.0173033,.1075637,BLSS,2007-2017,2017,N
BTN,2017,FALSE,CONS,.4076138,.0412316,.0189661,.1431859,.0042957,.0094576,.0333084,BLSS,2007-2017,2017,N
BTN,2022,FALSE,CONS,.2658655,.0375297,.0022913,.0707523,.0004495,.0000154,.0130168,BLSS,2022,2017,N
BWA,2015,FALSE,CONS,.0818476,.042078,.3546946,.5204779,.0365875,.1503655,.2079021,BMTHS,2002-2015,2017,N
CHE,2008,FALSE,INC,.0008476,,0,,0,.0024485,.0032961,EU-SILC,2006-2020,2017,N
CHE,2009,FALSE,INC,.0002347,,0,,0,.0015431,.0017777,EU-SILC,2006-2020,2017,N
CHE,2010,FALSE,INC,.0003613,,0,.0005845,.0007319,.0019524,.0023136,EU-SILC,2006-2020,2017,N
CHE,2011,FALSE,INC,.0000749,,0,.0005512,.0010124,.0009726,.0010474,EU-SILC,2006-2020,2017,N
CHE,2012,FALSE,INC,0,,0,.0000751,.0000436,.0005942,.0005942,EU-SILC,2006-2020,2017,N
CHE,2013,FALSE,INC,0,,0,.0016353,.00229,.0019126,.0019126,EU-SILC,2006-2020,2017,N
CHE,2014,FALSE,INC,.0008341,,0,.0003161,.0006969,.0014917,.0023257,EU-SILC,2006-2020,2017,N
CHE,2015,FALSE,INC,.0001764,,0,.0000726,.0001207,.0014121,.0015885,EU-SILC,2006-2020,2017,N
CHE,2016,FALSE,INC,.0002322,,0,.0003332,.0006922,.001539,.0017711,EU-SILC,2006-2020,2017,N
CHE,2017,FALSE,INC,.000088,,0,.0002948,.0008316,.0012795,.0013675,EU-SILC,2006-2020,2017,N
CHE,2018,FALSE,INC,.0004273,,0,.0006698,.000785,.0018104,.0022377,EU-SILC,2006-2020,2017,N
CHE,2019,FALSE,INC,.0007121,,0,.0002707,.0005686,.0019551,.0026673,EU-SILC,2006-2020,2017,N
CHE,2020,FALSE,INC,.00078,,0,,0,.0016865,.0024665,EU-SILC,2006-2020,2017,N
CHL,2011,FALSE,INC,.0452977,.0052537,.00319,.0045321,.0161609,.0090388,.0099191,CASEN,2006-2022,2017,N
CHL,2013,FALSE,INC,.040057,.0036895,.0031345,.005302,.010409,.0051712,.0060209,CASEN,2006-2022,2017,N
CHL,2015,FALSE,INC,.0351488,.0027672,.002103,.0050074,.0091301,.0042928,.0047064,CASEN,2006-2022,2017,N
CHL,2017,FALSE,INC,.0336458,.0042703,.0028446,.0062299,.0122845,.0035971,.0042356,CASEN,2006-2022,2017,N
CHL,2020,FALSE,INC,.0320291,.0323041,,.015305,.010725,.0134157,.0181606,CASEN,2006-2022,2017,N
CHL,2022,FALSE,INC,.0321419,.0037828,.0028926,.0116792,.011117,.0039505,.0046388,CASEN,2006-2022,2017,N
CIV,2015,FALSE,CONS,.5315217,.2556805,.3742282,.59466,.2328399,.3344714,.5239866,ENV,2002-2015,2017,N
CIV,2018,FALSE,CONS,.4862349,.3038285,.1809883,.6441042,.2067475,.1150222,.3727345,EHCVM,2018-2021,2017,N
CIV,2021,FALSE,CONS,.4451539,.2466248,.0926097,.598889,.1727584,.0973319,.2915839,EHCVM,2018-2021,2017,N
CMR,2014,FALSE,CONS,.2439192,.15942,.0119847,.3891992,.2319284,.2565752,.3754531,ECAM-IV,2001-2014,2017,N
COD,2012,FALSE,CONS,.2248078,.0798226,.8298409,.7999471,.4789557,.6968846,.7828093,E123,2004-2012,2017,N
COG,2011,FALSE,CONS,.1339216,.0225018,.2985148,.4726284,.2335839,.3535745,.4158067,ECOM,2005-2011,2017,N
COL,2010,FALSE,INC,.0838436,.0367338,.0339586,.1358154,.0274388,.0828506,.0987967,GEIH,2008-2020,2017,N
COL,2011,FALSE,INC,.0788847,.0387961,.0323008,.1346819,.0251945,.0682821,.0839731,GEIH,2008-2020,2017,N
COL,2012,FALSE,INC,.0765732,.0354895,.0294568,.1314853,.0254569,.0671516,.0809077,GEIH,2008-2020,2017,N
COL,2013,FALSE,INC,.0716897,.0296344,.0243356,.1200202,.0256763,.061117,.0722822,GEIH,2008-2020,2017,N
COL,2014,FALSE,INC,.0665095,.0302802,.0236858,.1181763,.0224362,.0543138,.0641427,GEIH,2008-2020,2017,N
COL,2015,FALSE,INC,.0642946,.0286175,.0189172,.1067338,.0219655,.0492548,.0580233,GEIH,2008-2020,2017,N
COL,2016,FALSE,INC,.0600055,.0269031,.0164196,.088921,.022366,.0491353,.0563143,GEIH,2008-2020,2017,N
COL,2017,FALSE,INC,.0572472,.025424,.0154121,.087172,.0228581,.0433946,.0502823,GEIH,2008-2020,2017,N
COL,2018,FALSE,INC,.0546687,.0261808,.0148084,.0834874,.0249276,.0449826,.0514487,GEIH,2008-2020,2017,N
COL,2019,FALSE,INC,.0506721,.0283748,.0132122,.0816692,.0244448,.0528474,.0585251,GEIH,2008-2020,2017,N
COL,2020,FALSE,INC,.0541002,.0290245,.0153079,.0876511,.0302026,.0728289,.0781799,GEIH,2008-2020,2017,N
COL,2021,FALSE,INC,.0505427,.027942,.0111097,.0767339,.0172101,.0733467,.0769817,GEIH,2021-2022,2017,N
COL,2022,FALSE,INC,.0502323,.0271846,.0139078,.0685164,.030224,.0603655,.0650938,GEIH,2021-2022,2017,N
COM,2014,FALSE,CONS,.1525051,.0727462,.284703,.6722199,.0638508,.1864372,.262547,EESIC,2014,2017,N
CPV,2015,FALSE,CONS,.1166806,.0268418,.0988584,.3021393,.1110136,.0456423,.0760978,IDRF,2015,2017,N
CRI,2010,FALSE,INC,.051137,.0180334,.0085301,.0307552,.0097616,.0148935,.0203471,ENAHO,2010-2022,2017,N
CRI,2011,FALSE,INC,.0463569,.0170276,.0051498,.0303369,.0080435,.017503,.021193,ENAHO,2010-2022,2017,N
CRI,2012,FALSE,INC,.0459808,.0172064,.0030059,.0219134,.006528,.0167337,.0195108,ENAHO,2010-2022,2017,N
CRI,2013,FALSE,INC,.044653,.0138617,.0027903,.0245856,.006291,.0164258,.0192327,ENAHO,2010-2022,2017,N
CRI,2014,FALSE,INC,.0443103,.0101442,.0056856,.0191761,.0048452,.015053,.017657,ENAHO,2010-2022,2017,N
CRI,2015,FALSE,INC,.0448859,.013816,.0061233,.0203628,.0051049,.0157323,.0188421,ENAHO,2010-2022,2017,N
CRI,2016,FALSE,INC,.047554,.0102663,.0046466,.0213626,.0058232,.0133674,.0168188,ENAHO,2010-2022,2017,N
CRI,2017,FALSE,INC,.046133,.0087365,.0031627,.0203455,.0040359,.0117235,.0142334,ENAHO,2010-2022,2017,N
CRI,2018,FALSE,INC,.043461,.0099867,.0033252,.017805,.0037427,.0150575,.0174642,ENAHO,2010-2022,2017,N
CRI,2019,FALSE,INC,.0395138,.0054789,.0028693,.0147982,.0042837,.0105714,.0116377,ENAHO,2010-2022,2017,N
CRI,2020,FALSE,INC,.033989,.0050996,.0010459,.0138532,.0009049,.0229133,.0233576,ENAHO,2010-2022,2017,N
CRI,2021,FALSE,INC,.036507,.0045229,.0026144,.0155786,.0025212,.0124219,.0132034,ENAHO,2010-2022,2017,N
CRI,2022,FALSE,INC,.0388042,.0037931,.0016415,.0123075,.0021502,.0088687,.0100342,ENAHO,2010-2022,2017,N
CYP,2008,FALSE,INC,.0282538,,0,,0,.0000847,.0283385,EU-SILC,2004-2021,2017,N
CYP,2009,FALSE,INC,.0234006,,0,,0,.0011196,.0245203,EU-SILC,2004-2021,2017,N
CYP,2010,FALSE,INC,.0252044,,0,.0115129,.0110868,.0003667,.0255711,EU-SILC,2004-2021,2017,N
CYP,2011,FALSE,INC,.0203617,,0,.0094176,.0093652,.0000805,.0204031,EU-SILC,2004-2021,2017,N
CYP,2012,FALSE,INC,.0186777,,0,.0106855,.0102108,.0000424,.0186777,EU-SILC,2004-2021,2017,N
CYP,2013,FALSE,INC,.0181438,,0,.0102652,.0099535,.0009702,.0190619,EU-SILC,2004-2021,2017,N
CYP,2014,FALSE,INC,.0148173,,0,.0086624,.0086819,.0007833,.0156006,EU-SILC,2004-2021,2017,N
CYP,2015,FALSE,INC,.0157516,,0,.0071037,.0072776,.000268,.0160196,EU-SILC,2004-2021,2017,N
CYP,2016,FALSE,INC,.0149189,,0,.0055901,.0058294,.0004115,.0153303,EU-SILC,2004-2021,2017,N
CYP,2017,FALSE,INC,.0135509,,0,.0050989,.0054196,.0003283,.0138792,EU-SILC,2004-2021,2017,N
CYP,2018,FALSE,INC,.012611,,0,.0045828,.0048134,.0001651,.0127761,EU-SILC,2004-2021,2017,N
CYP,2019,FALSE,INC,.0107967,,0,.0044368,.0045847,.0015383,.012335,EU-SILC,2004-2021,2017,N
CYP,2020,FALSE,INC,.0105725,,0,,0,.0001264,.010699,EU-SILC,2004-2021,2017,N
CYP,2021,FALSE,INC,.0091204,,0,,0,.000053,.0091734,EU-SILC,2004-2021,2017,N
CZE,2008,FALSE,INC,0,,0,,0,.0004055,.0004055,EU-SILC,2004-2021,2017,N
CZE,2009,FALSE,INC,0,,0,,0,.0003438,.0003438,EU-SILC,2004-2021,2017,N
CZE,2010,FALSE,INC,.0001462,,0,.0065816,.0052837,.0003937,.0005399,EU-SILC,2004-2021,2017,N
CZE,2011,FALSE,INC,.000174,,0,.0094203,.0060946,.0005494,.0007234,EU-SILC,2004-2021,2017,N
CZE,2012,FALSE,INC,.0001623,,0,.0091508,.0045719,.0006245,.0007869,EU-SILC,2004-2021,2017,N
CZE,2013,FALSE,INC,.0001395,,0,.0070362,.002954,.0005318,.0006713,EU-SILC,2004-2021,2017,N
CZE,2014,FALSE,INC,0,,0,.0055627,.0027843,.0005439,.0005439,EU-SILC,2004-2021,2017,N
CZE,2015,FALSE,INC,0,,0,.0046641,.00296,.0003945,.0003945,EU-SILC,2004-2021,2017,N
CZE,2016,FALSE,INC,.0000302,,0,.0039478,.0026954,.0003958,.000426,EU-SILC,2004-2021,2017,N
CZE,2017,FALSE,INC,.0000294,,0,.0052107,.0032656,.0005615,.0005909,EU-SILC,2004-2021,2017,N
CZE,2018,FALSE,INC,.0000326,,0,.0044543,.0022613,.0001169,.0001495,EU-SILC,2004-2021,2017,N
CZE,2019,FALSE,INC,.0000202,,0,.0028146,.0017093,.0001461,.0001663,EU-SILC,2004-2021,2017,N
CZE,2020,FALSE,INC,0,,0,,0,.000329,.000329,EU-SILC,2004-2021,2017,N
CZE,2021,FALSE,INC,.0003081,,0,,0,.0010753,.0013835,EU-SILC,2004-2021,2017,N
DEU,2010,FALSE,INC,.0095073,.0269035,0,0,,.0009203,.0013354,GSOEP-LIS,1991-2019,2017,N
DEU,2010,FALSE,INC,.0095073,.0269035,0,0,,.0009203,.0013354,GSOEP-LIS,1991-2019,2011,N
DEU,2011,FALSE,INC,.0089131,.030374,0,0,,.0007447,.0010895,GSOEP-LIS,1991-2019,2017,N
DEU,2011,FALSE,INC,.0089131,.030374,0,0,,.0007231,.0010679,GSOEP-LIS,1991-2019,2011,N
DEU,2012,FALSE,INC,.0140284,.0270137,0,0,,.000593,.0011877,GSOEP-LIS,1991-2019,2011,N
DEU,2012,FALSE,INC,.0140284,.0270137,0,0,,.000593,.0011877,GSOEP-LIS,1991-2019,2017,N
DEU,2013,FALSE,INC,.014993,.0254852,0,0,,.0005214,.0011273,GSOEP-LIS,1991-2019,2017,N
DEU,2013,FALSE,INC,.014993,.0254852,0,0,,.0005214,.0011273,GSOEP-LIS,1991-2019,2011,N
DEU,2014,FALSE,INC,.0160876,.0231677,0,0,,.0008966,.0025643,GSOEP-LIS,1991-2019,2011,N
DEU,2014,FALSE,INC,.0160876,.0231677,0,0,,.0009167,.0025844,GSOEP-LIS,1991-2019,2017,N
DEU,2015,FALSE,INC,.0135546,.0213045,0,0,,.0008297,.0009479,GSOEP-LIS,1991-2019,2017,N
DEU,2015,FALSE,INC,.0135546,.0213045,0,0,,.0008297,.0009479,GSOEP-LIS,1991-2019,2011,N
DEU,2016,FALSE,INC,.0198899,.2247709,0,0,,.0008928,.006216,GSOEP-LIS,1991-2019,2011,N
DEU,2017,FALSE,INC,.0249626,.0214265,0,0,,.0015563,.0022305,GSOEP-LIS,1991-2019,2011,N
DEU,2017,FALSE,INC,.0249626,.0214265,0,0,,.0015606,.0022348,GSOEP-LIS,1991-2019,2017,N
DEU,2018,FALSE,INC,.0225151,.0254822,0,0,,.0008187,.001656,GSOEP-LIS,1991-2019,2011,N
DEU,2018,FALSE,INC,.0225151,.0254822,0,0,,.0008187,.001656,GSOEP-LIS,1991-2019,2017,N
DEU,2019,FALSE,INC,.0185274,.0265945,0,0,,.0009203,.0015112,GSOEP-LIS,1991-2019,2011,N
DEU,2019,FALSE,INC,.0185274,.0265945,0,0,,.0009203,.0015112,GSOEP-LIS,1991-2019,2017,N
DJI,2012,FALSE,CONS,.3304634,.2642785,.4540701,.5959068,.0696655,.1969191,.3375436,EDAM,2012,2017,N
DJI,2017,FALSE,CONS,.3006055,.1804311,.3418616,.4538531,.070786,.1910611,.2927904,EDAM,2017,2017,N
DNK,2008,FALSE,INC,.0217869,,0,0,.0071298,.0141595,.0355872,EU-SILC,2003-2021,2017,N
DNK,2009,FALSE,INC,.0169522,,0,0,.0082674,.0128527,.029333,EU-SILC,2003-2021,2017,N
DNK,2010,FALSE,INC,.0112323,,0,.005543,.0239912,.0065698,.0178021,EU-SILC,2003-2021,2017,N
DNK,2011,FALSE,INC,.0107415,,0,.0035982,.0243751,.0050697,.0152664,EU-SILC,2003-2021,2017,N
DNK,2012,FALSE,INC,.0130971,,0,.0062336,.0203727,.006642,.017987,EU-SILC,2003-2021,2017,N
DNK,2013,FALSE,INC,.0138977,,0,.004775,.0224241,.009324,.021923,EU-SILC,2003-2021,2017,N
DNK,2014,FALSE,INC,.0185202,,0,.005641,.0216435,.0054253,.0232142,EU-SILC,2003-2021,2017,N
DNK,2015,FALSE,INC,.0090638,,0,.0055741,.02361,.0055529,.0139747,EU-SILC,2003-2021,2017,N
DNK,2016,FALSE,INC,.0035656,,0,.0050015,.0203695,.005815,.0093806,EU-SILC,2003-2021,2017,N
DNK,2017,FALSE,INC,.0041903,,0,.0040429,.0187027,.0049094,.0088459,EU-SILC,2003-2021,2017,N
DNK,2018,FALSE,INC,.0028163,,0,.0027315,.0176125,.0060666,.0088719,EU-SILC,2003-2021,2017,N
DNK,2019,FALSE,INC,.004651,,0,.0048648,.0202523,.0049921,.0094689,EU-SILC,2003-2021,2017,N
DNK,2020,FALSE,INC,.0063026,,0,,0,.005631,.0118417,EU-SILC,2003-2021,2017,N
DNK,2021,FALSE,INC,.0061792,,0,,0,.0035999,.009464,EU-SILC,2003-2021,2017,N
DOM,2010,FALSE,INC,.178253,.0276491,.0123526,.0325147,.2249555,.0386921,.0619622,ENFT,2005-2016,2017,N
DOM,2011,FALSE,INC,.1651027,.0261362,.0137243,.0282801,.2480615,.0405529,.0653587,ENFT,2005-2016,2017,N
DOM,2012,FALSE,INC,.1605236,.0238549,.0110225,.0306647,.2383367,.0384886,.0585637,ENFT,2005-2016,2017,N
DOM,2013,FALSE,INC,.1549645,.0161364,.0100437,.0354616,.2407959,.0297182,.0512479,ENFT,2005-2016,2017,N
DOM,2014,FALSE,INC,.1470977,.0210965,.0083291,.0239515,.224164,.0335593,.0506051,ENFT,2005-2016,2017,N
DOM,2015,FALSE,INC,.134928,.0168657,.0076356,.0240716,.215544,.0253499,.0413301,ENFT,2005-2016,2017,N
DOM,2016,FALSE,INC,.1336485,.0162341,.0054041,.0204102,.1762174,.0203017,.035489,ENFT,2005-2016,2017,N
DOM,2017,FALSE,INC,.1356993,.05707,.0087611,.0697036,.0478475,.0100155,.0279818,ECNFT-Q03,2017-2022,2017,N
DOM,2018,FALSE,INC,.1436107,.0379973,.0086168,.0671282,.0550597,.0083553,.0242865,ECNFT-Q03,2017-2022,2017,N
DOM,2019,FALSE,INC,.124426,.0627136,.0069274,.0649556,.0585242,.0083269,.0241235,ECNFT-Q03,2017-2022,2017,N
DOM,2020,FALSE,INC,.1309988,.0882303,.0060551,.0566508,.0515937,.0095942,.0286232,ECNFT-Q03,2017-2022,2017,N
DOM,2021,FALSE,INC,.1217747,.0542305,.00475,.0552895,.0467827,.0085373,.0181327,ECNFT-Q03,2017-2022,2017,N
DOM,2022,FALSE,INC,.13156,.0633692,.0034873,.051543,.0514255,.0075718,.0204203,ECNFT-Q03,2017-2022,2017,N
ECU,2010,FALSE,INC,.0670911,.0372442,.0259582,.0494209,.05231,.056782,.0680383,ENEMDU,2007-2022,2017,N
ECU,2011,FALSE,INC,.0694189,.0269144,.0293391,.0446734,.0767248,.046692,.0579746,ENEMDU,2007-2022,2017,N
ECU,2012,FALSE,INC,.0677912,.0259711,.0290307,.0391672,.0666683,.0446314,.0551285,ENEMDU,2007-2022,2017,N
ECU,2013,FALSE,INC,.0584203,.0238757,.0198291,.0393825,.0534856,.0324109,.0413324,ENEMDU,2007-2022,2017,N
ECU,2014,FALSE,INC,.0466672,.0197054,.0096197,.0369456,.0428401,.0263561,.0322439,ENEMDU,2007-2022,2017,N
ECU,2015,FALSE,INC,.0453295,.0172834,.0129366,.0357022,.0369914,.0344007,.0402405,ENEMDU,2007-2022,2017,N
ECU,2016,FALSE,INC,.0411987,.0167266,.0124876,.0327774,.0358867,.0357503,.0420498,ENEMDU,2007-2022,2017,N
ECU,2017,FALSE,INC,.0440084,.0202395,.0084296,.0357589,.039309,.0321325,.0374026,ENEMDU,2007-2022,2017,N
ECU,2018,FALSE,INC,.0378774,.0233159,.011665,.0309428,.0436338,.0331149,.038282,ENEMDU,2007-2022,2017,N
ECU,2019,FALSE,INC,.0387778,.0286753,.0137167,.0360153,.0466069,.0358358,.0417845,ENEMDU,2007-2022,2017,N
ECU,2020,FALSE,INC,.0375903,.0225078,.0281104,.0480553,.0579051,.0651925,.070696,ENEMDU,2007-2022,2017,N
ECU,2021,FALSE,INC,.0296283,.0233982,.0161103,.0499795,.0368803,.0358318,.0425216,ENEMDU,2007-2022,2017,N
ECU,2022,FALSE,INC,.0308208,.0174981,.0310319,.0631597,.0526206,.0318079,.0404004,ENEMDU,2007-2022,2017,N
EGY,2010,FALSE,CONS,.1417585,.0824724,.0042874,,,.0103731,.0345262,HIECS,2010-2017,2017,N
EGY,2012,FALSE,CONS,.1414519,.0715666,.0028232,.1142521,.0107838,.0089008,.0291022,HIECS,2010-2017,2017,N
EGY,2015,FALSE,CONS,.1149034,.0632093,.007426,.0403927,.0438732,.0090603,.0262304,HIECS,2010-2017,2017,N
EGY,2017,FALSE,CONS,.1064093,.0419824,.0054939,.0315751,.0076045,.0250485,.0345399,HIECS,2010-2017,2017,N
EGY,2019,FALSE,CONS,.0988096,.0365228,.0015744,.0238988,.0026103,.0146701,.0228992,HIECS,2019,2017,N
ESP,2008,FALSE,INC,.0212451,,0,.0000744,.0000857,.0096052,.0305494,EU-SILC,2003-2021,2017,N
ESP,2009,FALSE,INC,.0205262,,0,0,.0000192,.0123834,.0323055,EU-SILC,2003-2021,2017,N
ESP,2010,FALSE,INC,.0240661,,0,.0001062,.0001697,.0107812,.0343668,EU-SILC,2003-2021,2017,N
ESP,2011,FALSE,INC,.0192514,,0,.0006939,.0006649,.0154812,.0345461,EU-SILC,2003-2021,2017,N
ESP,2012,FALSE,INC,.0169065,,0,.000848,.0008523,.0134484,.0301295,EU-SILC,2003-2021,2017,N
ESP,2013,FALSE,INC,.0401022,,0,.0012665,.0013262,.0155251,.0547896,EU-SILC,2003-2021,2017,N
ESP,2014,FALSE,INC,.0430885,,0,.0007357,.0008669,.0129127,.0557764,EU-SILC,2003-2021,2017,N
ESP,2015,FALSE,INC,.0400101,,0,.0030859,.0034363,.0110033,.0499139,EU-SILC,2003-2021,2017,N
ESP,2016,FALSE,INC,.0345445,,0,.0009479,.0011357,.0133252,.0475165,EU-SILC,2003-2021,2017,N
ESP,2017,FALSE,INC,.0335993,,0,.002047,.0016175,.0089483,.0421247,EU-SILC,2003-2021,2017,N
ESP,2018,FALSE,INC,.0300704,,0,.0039902,.0026448,.0097566,.0391771,EU-SILC,2003-2021,2017,N
ESP,2019,FALSE,INC,.0272235,,0,.0043717,.002429,.0089514,.035629,EU-SILC,2003-2021,2017,N
ESP,2020,FALSE,INC,.0319203,,0,,0,.0113124,.0421925,EU-SILC,2003-2021,2017,N
ESP,2021,FALSE,INC,.0280566,,0,,0,.0072908,.0349293,EU-SILC,2003-2021,2017,N
EST,2008,FALSE,INC,.0006778,,0,,0,.0050496,.0057274,EU-SILC,2003-2021,2017,N
EST,2009,FALSE,INC,.000838,,0,,0,.0073477,.0081858,EU-SILC,2003-2021,2017,N
EST,2010,FALSE,INC,.0004097,,0,.0961449,.104541,.0095353,.009945,EU-SILC,2003-2021,2017,N
EST,2011,FALSE,INC,.0006601,,0,.086314,.0950428,.0120998,.01276,EU-SILC,2003-2021,2017,N
EST,2012,FALSE,INC,.0007272,,0,.0798302,.0915098,.0100296,.0106874,EU-SILC,2003-2021,2017,N
EST,2013,FALSE,INC,.0006877,,0,.0723885,.0817288,.0109334,.0115372,EU-SILC,2003-2021,2017,N
EST,2014,FALSE,INC,.0006804,,0,.0688473,.0731588,.0105041,.0111845,EU-SILC,2003-2021,2017,N
EST,2015,FALSE,INC,.0005811,,0,.0687002,.0752448,.0084603,.0089852,EU-SILC,2003-2021,2017,N
EST,2016,FALSE,INC,.0001527,,0,.0613062,.0701305,.0070253,.007178,EU-SILC,2003-2021,2017,N
EST,2017,FALSE,INC,.0003307,,0,.0527906,.0658221,.0045442,.0048749,EU-SILC,2003-2021,2017,N
EST,2018,FALSE,INC,.0000932,,0,.0473309,.0582746,.0050336,.0051268,EU-SILC,2003-2021,2017,N
EST,2019,FALSE,INC,.0008024,,0,.0394915,.0516325,.0070524,.0078548,EU-SILC,2003-2021,2017,N
EST,2020,FALSE,INC,.0002788,,0,,0,.0057321,.0060108,EU-SILC,2003-2021,2017,N
EST,2021,FALSE,INC,.0005489,,0,,0,.0048971,.005446,EU-SILC,2003-2021,2017,N
ETH,2010,FALSE,CONS,.7238917,.3798157,.8252793,.9556448,.505504,.3075094,.8174623,HICES,1995-2015,2017,N
ETH,2015,FALSE,CONS,.6669215,.3120176,.6413907,.958977,.4266359,.2694903,.7270462,HICES,1995-2015,2017,N
FIN,2008,FALSE,INC,.0072506,,0,,0,.0006468,.007827,EU-SILC,2003-2021,2017,N
FIN,2009,FALSE,INC,.0076858,,0,,0,.0007017,.0083875,EU-SILC,2003-2021,2017,N
FIN,2010,FALSE,INC,.0072102,,0,.007358,.0084023,.0009349,.0081258,EU-SILC,2003-2021,2017,N
FIN,2011,FALSE,INC,.0062122,,0,.0062372,.007356,.0007566,.0069688,EU-SILC,2003-2021,2017,N
FIN,2012,FALSE,INC,.0077739,,0,.0057686,.0067621,.0007818,.0085557,EU-SILC,2003-2021,2017,N
FIN,2013,FALSE,INC,.007592,,0,.0061471,.0072403,.0008918,.0083438,EU-SILC,2003-2021,2017,N
FIN,2014,FALSE,INC,.0090031,,0,.0052708,.0079002,.0006882,.0096913,EU-SILC,2003-2021,2017,N
FIN,2015,FALSE,INC,.0088449,,0,.0050435,.0074423,.0007021,.0093741,EU-SILC,2003-2021,2017,N
FIN,2016,FALSE,INC,.0135937,,0,.0044474,.0054418,.0005599,.0141536,EU-SILC,2003-2021,2017,N
FIN,2017,FALSE,INC,.014877,,0,.003862,.0035117,.0007103,.0155873,EU-SILC,2003-2021,2017,N
FIN,2018,FALSE,INC,.009843,,0,.003364,.0034431,.0007591,.0105118,EU-SILC,2003-2021,2017,N
FIN,2019,FALSE,INC,.0093905,,0,.0032836,.0030172,.0004968,.0098736,EU-SILC,2003-2021,2017,N
FIN,2020,FALSE,INC,.0132359,,0,,0,.0003678,.0136038,EU-SILC,2003-2021,2017,N
FIN,2021,FALSE,INC,.0150218,,0,,0,.0003817,.015318,EU-SILC,2003-2021,2017,N
FJI,2013,FALSE,CONS,.007732,.0143317,.099983,.0323079,.0781435,.0048059,.0070822,HIES,2002-2013,2011,N
FJI,2013,FALSE,CONS,.007732,.0143317,.099983,.0323079,.0781435,.0036355,.0059118,HIES,2002-2013,2017,N
FJI,2019,FALSE,CONS,.006493,.0190718,.0452089,.0506945,.1200663,.0184636,.0212974,HIES,2019,2011,N
FJI,2019,FALSE,CONS,.006493,.0190718,.0452089,.0506945,.1200663,.0131827,.0160165,HIES,2019,2017,N
FRA,2008,FALSE,INC,.0059307,,0,,0,.0005596,.0064903,EU-SILC,2003-2021,2017,N
FRA,2009,FALSE,INC,.0051755,,0,,0,.0013366,.0065121,EU-SILC,2003-2021,2017,N
FRA,2010,FALSE,INC,.0063274,,0,.0062939,.0056091,.0015221,.0078496,EU-SILC,2003-2021,2017,N
FRA,2011,FALSE,INC,.0059979,,0,.0054487,.0048686,.0009214,.0069193,EU-SILC,2003-2021,2017,N
FRA,2012,FALSE,INC,.0046254,,0,.0054216,.0053419,.0013661,.0059915,EU-SILC,2003-2021,2017,N
FRA,2013,FALSE,INC,.0103966,,0,.0047285,.0052603,.0008853,.0112819,EU-SILC,2003-2021,2017,N
FRA,2014,FALSE,INC,.0104283,,0,.0045239,.0053677,.000723,.0111513,EU-SILC,2003-2021,2017,N
FRA,2015,FALSE,INC,.0106966,,0,.0057574,.0058083,.002128,.0128247,EU-SILC,2003-2021,2017,N
FRA,2016,FALSE,INC,.0169059,,0,.0062309,.0061407,.0014829,.0183702,EU-SILC,2003-2021,2017,N
FRA,2017,FALSE,INC,.014695,,0,.0050663,.0056454,.0010806,.0157518,EU-SILC,2003-2021,2017,N
FRA,2018,FALSE,INC,.0161154,,0,.0047062,.005216,.0006799,.0167953,EU-SILC,2003-2021,2017,N
FRA,2019,FALSE,INC,.0059036,,0,.0065155,.0047771,.0028843,.0087879,EU-SILC,2003-2021,2017,N
FRA,2020,FALSE,INC,.0092502,,0,,0,.0032552,.0125054,EU-SILC,2003-2021,2017,N
FRA,2021,FALSE,INC,.013662,,0,,0,.0024115,.0160487,EU-SILC,2003-2021,2017,N
FSM,2013,FALSE,CONS,.0560883,.1303952,.2363112,.4282068,.0522103,.1602844,.1996891,HIES,2013,2017,N
GAB,2017,FALSE,CONS,.1134805,.0790084,.085717,.6816132,.1150604,.0246887,.0836343,EGEP,2017,2017,N
GEO,2010,FALSE,CONS,.0241804,.0314078,0,.0808973,.0492614,.1437787,.1451586,HIS,1998-2021,2017,N
GEO,2011,FALSE,CONS,.0046885,.0230071,.0001021,.0631343,.0515831,.1340154,.1343319,HIS,1998-2021,2017,N
GEO,2012,FALSE,CONS,.0037444,,0,.0639879,.0557235,.1066622,.1100119,HIS,1998-2021,2017,N
GEO,2013,FALSE,CONS,.0018471,.0094932,0,.0641537,.0642075,.0807872,.0810329,HIS,1998-2021,2017,N
GEO,2014,FALSE,CONS,.0019504,.009153,0,.0568238,.0642199,.0612704,.0612704,HIS,1998-2021,2017,N
GEO,2015,FALSE,CONS,.0008595,.0088644,0,.067151,.06027,.0487949,.0489266,HIS,1998-2021,2017,N
GEO,2016,FALSE,CONS,.0005346,.0100427,0,.0669545,.0665786,.0491337,.0495834,HIS,1998-2021,2017,N
GEO,2017,FALSE,CONS,.0010217,.0089077,0,.0885996,.0846393,.0622987,.062576,HIS,1998-2021,2017,N
GEO,2018,FALSE,CONS,.0003372,.0113114,0,.0895221,.0864896,.0555908,.0559895,HIS,1998-2021,2017,N
GEO,2019,FALSE,CONS,.0003692,.0073804,0,.10004,.0695744,.0484863,.0484863,HIS,1998-2021,2017,N
GEO,2020,FALSE,CONS,.0008323,.011797,0,.0953712,.0570186,.0580687,.0582521,HIS,1998-2021,2017,N
GEO,2021,FALSE,CONS,.0002434,.0114213,0,.0891728,.0535613,.0548503,.0549365,HIS,1998-2021,2017,N
GHA,2012,FALSE,CONS,.1707998,.0856232,.3355024,.4309583,.136496,.2568997,.3319044,GLSS-VI,1991-2016,2017,N
GHA,2016,FALSE,CONS,.1508409,.0901443,.1948613,.7990059,.4079817,.2520855,.3277386,GLSS-VII,1991-2016,2017,N
GIN,2012,FALSE,CONS,.5373248,.4555881,.7489368,.6565675,.3124659,.2454415,.6447789,ELEP,2007-2012,2017,N
GIN,2018,FALSE,CONS,.6126927,.2499203,.563773,.7114408,.2095396,.138201,.5169757,EHCVM,2018,2017,N
GMB,2015,FALSE,CONS,.2989102,.0614991,.079665,.5820759,.082165,.1338207,.1834154,IHS,2015-2020,2017,N
GNB,2010,FALSE,CONS,.4393637,.4346387,.9390085,.6576735,.3635478,.6668512,.8156247,ILAP-II,2010,2017,N
GNB,2018,FALSE,CONS,.4101345,.3012317,.4214778,.6304652,.2161604,.2166049,.4612686,EHCVM,2018-2021,2017,N
GNB,2021,FALSE,CONS,1,0,.2758675,.6036286,.2089706,.2596286,.4729967,EHCVM,2018-2021,2017,N
GRC,2008,FALSE,INC,.0282056,,0,,0,.0087899,.0368261,EU-SILC,2003-2021,2017,N
GRC,2009,FALSE,INC,.0274114,,0,,0,.0088108,.0358749,EU-SILC,2003-2021,2017,N
GRC,2010,FALSE,INC,.0229007,,0,.0089603,.0131468,.0147013,.037602,EU-SILC,2003-2021,2017,N
GRC,2011,FALSE,INC,.0233928,,0,.0051505,.0070022,.0222844,.0456772,EU-SILC,2003-2021,2017,N
GRC,2012,FALSE,INC,.025608,,0,.00656,.0092057,.0208653,.0464335,EU-SILC,2003-2021,2017,N
GRC,2013,FALSE,INC,.0262191,,0,.0048367,.0073022,.0107214,.0366752,EU-SILC,2003-2021,2017,N
GRC,2014,FALSE,INC,.0224013,,0,.0046195,.0047071,.0210694,.0432286,EU-SILC,2003-2021,2017,N
GRC,2015,FALSE,INC,.0224451,,0,.0039572,.0044848,.018712,.0409598,EU-SILC,2003-2021,2017,N
GRC,2016,FALSE,INC,.0217565,,0,.003113,.0052967,.0163847,.0375349,EU-SILC,2003-2021,2017,N
GRC,2017,FALSE,INC,.0171042,,0,.0028546,.0053611,.0119668,.0289566,EU-SILC,2003-2021,2017,N
GRC,2018,FALSE,INC,.017554,,0,.0029324,.004489,.0069409,.0243824,EU-SILC,2003-2021,2017,N
GRC,2019,FALSE,INC,.020168,,0,.0026475,.0013299,.0102318,.0301853,EU-SILC,2003-2021,2017,N
GRC,2020,FALSE,INC,.0178099,,0,,0,.01842,.0359333,EU-SILC,2003-2021,2017,N
GRC,2021,FALSE,INC,.0167915,,0,,0,.0103634,.0268261,EU-SILC,2003-2021,2017,N
GRD,2018,FALSE,CONS,.0254232,.0019915,.0754291,.1076406,.0201887,.003179,.0071985,SLCHB,2018,2017,N
GTM,2014,FALSE,INC,.2483111,.1833356,.1653155,.467094,.0843654,.095213,.2221998,ENCOVI,2000-2014,2017,N
HND,2010,FALSE,INC,.1623971,.1272924,.2101842,.1059752,.0927474,.138022,.1899418,EPHPM,2001-2010,2017,N
HND,2011,FALSE,INC,.1441956,.1368137,.1943239,.1060527,.0827963,.1432309,.2003369,EPHPM,2011-2019,2017,N
HND,2012,FALSE,INC,.1504211,.1324148,.1789925,.1137322,.0873635,.169927,.2188069,EPHPM,2011-2019,2017,N
HND,2013,FALSE,INC,.1398782,.1636556,.1361977,.0970239,.0893251,.145685,.1913214,EPHPM,2011-2019,2017,N
HND,2014,FALSE,INC,.1351091,.1431706,.1390644,.1107808,.0988095,.1328218,.1871612,EPHPM,2011-2019,2017,N
HND,2015,FALSE,INC,.123907,.1189348,.1239945,.1108377,.0894602,.1297755,.1709462,EPHPM,2011-2019,2017,N
HND,2016,FALSE,INC,.1152546,.102707,.1027714,.0919246,.083834,.1460698,.1781903,EPHPM,2011-2019,2017,N
HND,2017,FALSE,INC,.1180275,.1055059,.092934,.0949092,.0871023,.1385552,.1686332,EPHPM,2011-2019,2017,N
HND,2018,FALSE,INC,.122087,.1214404,.0843315,.074007,.0797509,.1423357,.1703924,EPHPM,2011-2019,2017,N
HND,2019,FALSE,INC,.1012588,.099755,.067448,.0581014,.0568002,.1264766,.1478246,EPHPM,2011-2019,2017,N
HRV,2009,FALSE,INC,.00543,,0,,0,.008701,.0139763,EU-SILC,2009-2021,2017,N
HRV,2010,FALSE,INC,.003933,,0,.017391,.0146743,.0124242,.0162202,EU-SILC,2009-2021,2017,N
HRV,2011,FALSE,INC,.0026141,,0,.0247215,.021537,.0070352,.0094834,EU-SILC,2009-2021,2017,N
HRV,2012,FALSE,INC,.0025813,,0,.0172772,.0180616,.0082872,.0107258,EU-SILC,2009-2021,2017,N
HRV,2013,FALSE,INC,.0026054,,0,.0196227,.0187373,.0077235,.0103054,EU-SILC,2009-2021,2017,N
HRV,2014,FALSE,INC,.0023851,,0,.0193795,.017058,.0100135,.0122896,EU-SILC,2009-2021,2017,N
HRV,2015,FALSE,INC,.0021145,,0,.0173627,.0163517,.0064282,.0085155,EU-SILC,2009-2021,2017,N
HRV,2016,FALSE,INC,.0028774,,0,.0163092,.0143914,.006722,.0095994,EU-SILC,2009-2021,2017,N
HRV,2017,FALSE,INC,.0027271,,0,.0131211,.0122121,.0054477,.008054,EU-SILC,2009-2021,2017,N
HRV,2018,FALSE,INC,.0025033,,0,.0114949,.0093522,.0046269,.0070261,EU-SILC,2009-2021,2017,N
HRV,2019,FALSE,INC,.0026096,,0,.0141397,.0085512,.0029323,.0055419,EU-SILC,2009-2021,2017,N
HRV,2020,FALSE,INC,.0014613,,0,,0,.0033399,.0048012,EU-SILC,2009-2021,2017,N
HRV,2021,FALSE,INC,.0014539,,0,,0,.0034966,.0049505,EU-SILC,2009-2021,2017,N
HTI,2012,FALSE,CONS,.2318354,.09,.643115,.6879549,.3349906,.2919219,.4684352,ECVMAS,2012,2017,N
HUN,2008,FALSE,INC,0,,0,.0710822,.0421412,.0003522,.0003522,EU-SILC,2004-2021,2017,N
HUN,2009,FALSE,INC,.0001268,,0,,0,.0007643,.0008911,EU-SILC,2004-2021,2017,N
HUN,2010,FALSE,INC,.0003771,,0,.0500671,.0427677,.0012282,.0016053,EU-SILC,2004-2021,2017,N
HUN,2011,FALSE,INC,.0000732,,0,.0520171,.044303,.0010842,.0011574,EU-SILC,2004-2021,2017,N
HUN,2012,FALSE,INC,.0001346,,0,.0525076,.0428974,.0036741,.0038088,EU-SILC,2004-2021,2017,N
HUN,2013,FALSE,INC,.0000608,,0,.0532501,.0428325,.001803,.0018638,EU-SILC,2004-2021,2017,N
HUN,2014,FALSE,INC,.0004494,,0,.0393888,.0364601,.0069423,.0073546,EU-SILC,2004-2021,2017,N
HUN,2015,FALSE,INC,.0007701,,0,.0431806,.0409646,.0092763,.0100464,EU-SILC,2004-2021,2017,N
HUN,2016,FALSE,INC,.0002573,,0,.0389793,.0352254,.0213971,.0216544,EU-SILC,2004-2021,2017,N
HUN,2017,FALSE,INC,.0003626,,0,.0382011,.0355768,.0068059,.0071685,EU-SILC,2004-2021,2017,N
HUN,2018,FALSE,INC,.000277,,0,.0302265,.0277698,.0039329,.0042099,EU-SILC,2004-2021,2017,N
HUN,2019,FALSE,INC,.0004551,,0,.0156405,.015546,.0034447,.0038998,EU-SILC,2004-2021,2017,N
HUN,2020,FALSE,INC,.0000416,,0,,0,.0049656,.0050072,EU-SILC,2004-2021,2017,N
HUN,2021,FALSE,INC,.0002955,,0,,0,.0060802,.0063758,EU-SILC,2004-2021,2017,N
IDN,2015,FALSE,CONS,.0591419,.0186074,.0245914,.2860991,.1031945,.0838156,.1020356,SUSENAS,2015-2023,2017,N
IDN,2016,FALSE,CONS,.0498582,.0173745,.0238411,.2701522,.1067777,.0761349,.0923296,SUSENAS,2015-2023,2017,N
IDN,2017,FALSE,CONS,.0432832,.0168341,.0185993,.2470706,.0927555,.0667326,.0795419,SUSENAS,2015-2023,2017,N
IDN,2018,FALSE,CONS,.0495755,.0157309,.0151199,.2085484,.0888642,.0544402,.0667902,SUSENAS,2015-2023,2017,N
IDN,2019,FALSE,CONS,.0426835,.0114927,.0113445,.0816444,.0797134,.0438339,.051196,SUSENAS,2015-2023,2017,N
IDN,2020,FALSE,CONS,.0369078,.0141433,.0101309,.1404594,.0737846,.0384678,.045657,SUSENAS,2015-2023,2017,N
IDN,2021,FALSE,CONS,.0382179,.0124424,.0076112,.115564,.0650178,.0355619,.0414106,SUSENAS,2015-2023,2017,N
IDN,2022,FALSE,CONS,.0298129,.0133156,.005987,.1152951,.0598798,.0247832,.0297989,SUSENAS,2015-2023,2017,N
IDN,2023,FALSE,CONS,.0285481,.0127677,.0059636,.1172731,.0552879,.0188431,.0228916,SUSENAS,2015-2023,2017,N
IRL,2008,FALSE,INC,.0184621,,0,.0028012,.0059874,.0018466,.0198843,EU-SILC,2003-2021,2017,N
IRL,2009,FALSE,INC,.0165468,,0,.0023903,.0090501,.0071212,.0234428,EU-SILC,2003-2021,2017,N
IRL,2010,FALSE,INC,.0206856,,0,.0435807,.054978,.0054276,.0261132,EU-SILC,2003-2021,2017,N
IRL,2012,FALSE,INC,.0139645,,0,.021438,.0161576,.0035901,.0168714,EU-SILC,2003-2021,2017,N
IRL,2013,FALSE,INC,.0075575,,0,.0012133,.0030883,.0071265,.014651,EU-SILC,2003-2021,2017,N
IRL,2014,FALSE,INC,.0064679,,0,.0011936,.0023191,.0043823,.0104553,EU-SILC,2003-2021,2017,N
IRL,2015,FALSE,INC,.0075858,,0,.0021127,.0028351,.0036763,.0112621,EU-SILC,2003-2021,2017,N
IRL,2016,FALSE,INC,.0062337,,0,.0011016,.0015943,.0013473,.0075318,EU-SILC,2003-2021,2017,N
IRL,2017,FALSE,INC,.0037876,,0,.0034313,.00055,.002432,.0061617,EU-SILC,2003-2021,2017,N
IRL,2018,FALSE,INC,.0068606,,0,.0018203,.0021479,.0000392,.0068999,EU-SILC,2003-2021,2017,N
IRL,2019,FALSE,INC,.0031996,,0,.002105,.0013711,.0005801,.0037797,EU-SILC,2003-2021,2017,N
IRL,2020,FALSE,INC,.0028732,,0,,,.0014431,.0042317,EU-SILC,2003-2021,2017,N
IRL,2021,FALSE,INC,.157945,,0,,,.0031767,.1605636,EU-SILC,2003-2021,2017,N
IRN,2011,FALSE,CONS,,.0164961,.0011947,.0590766,.0240153,.0050417,.0218546,HEIS,2005-2022,2017,N
IRN,2012,FALSE,CONS,,.0133091,.0007424,.0469329,.0177925,.0025401,.0162569,HEIS,2005-2022,2017,N
IRN,2013,FALSE,CONS,,.0137823,.0011531,.0416131,.0243849,.002881,.0169636,HEIS,2005-2022,2017,N
IRN,2014,FALSE,CONS,.0435033,.0122367,.0003351,.0349706,.0198226,.0061637,.008584,HEIS,2005-2022,2017,N
IRN,2015,FALSE,CONS,.0543475,.0097418,.0002674,,,.0074427,.0086188,HEIS,2005-2022,2017,N
IRN,2016,FALSE,CONS,.0553057,.0102512,.0002717,.0238879,.0162711,.0069329,.0092129,HEIS,2005-2022,2017,N
IRN,2017,FALSE,CONS,.0441654,.0096539,.0002988,.0198942,.0156497,.0032945,.0050649,HEIS,2005-2022,2017,N
IRN,2018,FALSE,CONS,.0426282,.0096635,.0003476,.0221909,.0178945,.0067121,.0082789,HEIS,2005-2022,2017,N
IRN,2019,FALSE,CONS,.0413795,.0079152,.0001324,.0194846,.015651,.0072634,.0082824,HEIS,2005-2022,2017,N
IRN,2020,FALSE,CONS,.0394354,.00823,.0002552,.0165255,.0136442,.0081144,.0092421,HEIS,2005-2022,2017,N
IRN,2021,FALSE,CONS,.0401939,.0080588,.0000949,.0124686,.0124424,.0065238,.0077602,HEIS,2005-2022,2017,N
IRN,2022,FALSE,CONS,.0418022,.0079314,.0000593,.012742,.0128033,.0046845,.0054058,HEIS,2005-2022,2017,N
IRQ,2012,FALSE,CONS,.1355329,.2269003,.0006188,.0094578,.1001088,.0008875,.0554435,IHSES,2006-2012,2017,N
ISL,2008,FALSE,INC,.0003562,,0,.0031703,.0005409,.0018615,.0022177,EU-SILC,2003-2017,2017,N
ISL,2009,FALSE,INC,.0005297,,0,.0042871,.0005685,.0019321,.0024617,EU-SILC,2003-2017,2017,N
ISL,2010,FALSE,INC,.0002961,,0,0,.0005616,.0038892,.0041853,EU-SILC,2003-2017,2017,N
ISL,2011,FALSE,INC,0,,0,0,.0007157,.003163,.003163,EU-SILC,2003-2017,2017,N
ISL,2012,FALSE,INC,.0009852,,0,0,.0013185,.0020356,.0030208,EU-SILC,2003-2017,2017,N
ISL,2013,FALSE,INC,.0006352,,0,0,.0007633,.0027368,.003372,EU-SILC,2003-2017,2017,N
ISL,2014,FALSE,INC,.001746,,0,0,.0007136,.0009121,.0026581,EU-SILC,2003-2017,2017,N
ISL,2015,FALSE,INC,.0003575,,0,0,.0023511,.0012611,.0016185,EU-SILC,2003-2017,2017,N
ISL,2016,FALSE,INC,.0003737,,0,0,0,.0028091,.0031828,EU-SILC,2003-2017,2017,N
ISL,2017,FALSE,INC,0,,0,0,.0022304,.0019693,.0019693,EU-SILC,2003-2017,2017,N
ISR,2010,FALSE,INC,.0134911,,0,0,,.0031421,.0166332,HES-LIS,1979-2021,2017,N
ISR,2010,FALSE,INC,.0134848,,0,0,,.0028767,.0163615,HES-LIS,1979-2021,2011,N
ISR,2011,FALSE,INC,.0113311,,0,0,,.0020186,.0133497,HES-LIS,1979-2021,2011,N
ISR,2011,FALSE,INC,.0113345,,0,0,,.0023274,.0136619,HES-LIS,1979-2021,2017,N
ISR,2012,FALSE,INC,.0110676,.0027746,0,0,,.0058411,.0058411,HES-LIS,1979-2021,2017,N
ISR,2012,FALSE,INC,.0110692,.002775,0,0,,.0054024,.0054024,HES-LIS,1979-2021,2011,N
ISR,2013,FALSE,INC,.0082864,.0010458,0,0,,.004087,.004087,HES-LIS,1979-2021,2017,N
ISR,2013,FALSE,INC,.0082888,.0010461,0,0,,.0039334,.0039334,HES-LIS,1979-2021,2011,N
ISR,2014,FALSE,INC,.0089536,.00038,0,0,,.00436,.00436,HES-LIS,1979-2021,2017,N
ISR,2014,FALSE,INC,.0089536,.00038,0,0,,.0042782,.0042782,HES-LIS,1979-2021,2011,N
ISR,2015,FALSE,INC,.0080608,.00196,0,0,,.0038862,.0038862,HES-LIS,1979-2021,2017,N
ISR,2015,FALSE,INC,.0080608,.00196,0,0,,.0037254,.0037254,HES-LIS,1979-2021,2011,N
ISR,2016,FALSE,INC,.0070472,.000635,0,0,,.0011575,.0011575,HES-LIS,1979-2021,2011,N
ISR,2016,FALSE,INC,.0070468,.000635,0,0,,.0015906,.0015906,HES-LIS,1979-2021,2017,N
ISR,2017,FALSE,INC,.0073805,,0,0,,.0042064,.0114098,HES-LIS,1979-2021,2011,N
ISR,2017,FALSE,INC,.0073789,,0,0,,.0045733,.0117751,HES-LIS,1979-2021,2017,N
ISR,2018,FALSE,INC,.0065291,,0,0,,.002845,.0093741,HES-LIS,1979-2021,2011,N
ISR,2018,FALSE,INC,.0065291,,0,0,,.0040713,.0106004,HES-LIS,1979-2021,2017,N
ISR,2019,FALSE,INC,.0051864,.0033095,0,0,,.0062792,.0062792,HES-LIS,1979-2021,2017,N
ISR,2020,FALSE,INC,.004276,.0073099,0,0,,.0054621,.0054621,HES-LIS,1979-2021,2017,N
ISR,2021,FALSE,INC,.0056053,.0053606,0,0,,.0034777,.0034777,HES-LIS,1979-2021,2017,N
ITA,2008,FALSE,INC,.0163666,,0,,0,.0085356,.0248433,EU-SILC,2003-2021,2017,N
ITA,2009,FALSE,INC,.0164541,,0,,0,.0115016,.0278373,EU-SILC,2003-2021,2017,N
ITA,2010,FALSE,INC,.0206109,,0,.0044315,.0050735,.0140561,.0344118,EU-SILC,2003-2021,2017,N
ITA,2011,FALSE,INC,.0160451,,0,.0055873,.0054002,.0124418,.0284228,EU-SILC,2003-2021,2017,N
ITA,2012,FALSE,INC,.0126507,,0,.0113253,.0060353,.0151165,.0276656,EU-SILC,2003-2021,2017,N
ITA,2013,FALSE,INC,.0129142,,0,.00761,.0036987,.0154551,.0281321,EU-SILC,2003-2021,2017,N
ITA,2014,FALSE,INC,.010928,,0,.006302,.0040361,.015908,.0266538,EU-SILC,2003-2021,2017,N
ITA,2015,FALSE,INC,.0155736,,0,.0041986,.0038099,.0234066,.038479,EU-SILC,2003-2021,2017,N
ITA,2016,FALSE,INC,.0139435,,0,.0064141,.0059978,.0174033,.0310226,EU-SILC,2003-2021,2017,N
ITA,2017,FALSE,INC,.0133189,,0,.0057726,.0048078,.0156983,.0287714,EU-SILC,2003-2021,2017,N
ITA,2018,FALSE,INC,.0132308,,0,.0078338,.0074867,.015949,.0285207,EU-SILC,2003-2021,2017,N
ITA,2019,FALSE,INC,.0140302,,0,.0069286,.0074833,.0112756,.0248787,EU-SILC,2003-2021,2017,N
ITA,2020,FALSE,INC,.0147863,,0,,0,.0096796,.0236221,EU-SILC,2003-2021,2017,N
ITA,2021,FALSE,INC,.0161342,,0,,0,.0093007,.0247836,EU-SILC,2003-2021,2017,N
JAM,2018,FALSE,CONS,.0168732,.0032222,.0267008,.1231397,.0539901,.0004321,.0032893,JSLC,2018-2021,2017,N
JAM,2021,FALSE,CONS,.015592,.0076616,.0276847,.0884915,.0488436,.0009759,.0071538,JSLC,2018-2021,2017,N
JOR,2010,FALSE,CONS,.0182536,.0298791,0,0,.0024122,.0004085,.0025474,HEIS,2008-2010,2017,N
JPN,2010,FALSE,INC,.0870935,.001612,0,0,,.0011597,.0011597,JHPS-LIS,2008-2013,2017,N
JPN,2010,FALSE,INC,.0870935,.001612,0,0,,.0011597,.0011597,JHPS-LIS,2008-2013,2011,N
JPN,2013,FALSE,INC,.0882682,.004703,0,0,,.0068736,.0080507,JHPS-LIS,2008-2013,2011,N
JPN,2013,FALSE,INC,.0882682,.004703,0,0,,.0068736,.0080507,JHPS-LIS,2008-2013,2017,N
KAZ,2011,FALSE,CONS,.0001711,,0,,,.0007109,.000882,HBS,2005-2021,2017,N
KAZ,2012,FALSE,CONS,.0000665,,0,,,.0003842,.0004507,HBS,2005-2021,2017,N
KAZ,2013,FALSE,CONS,0,,0,.0000926,.0037592,.0003311,.0003311,HBS,2005-2021,2017,N
KAZ,2014,FALSE,CONS,0,,0,,,.0001928,.0001928,HBS,2005-2021,2017,N
KAZ,2015,FALSE,CONS,0,,0,,,.0003827,.0003827,HBS,2005-2021,2017,N
KAZ,2016,FALSE,CONS,.0000467,,0,,,.0005053,.000552,HBS,2005-2021,2017,N
KAZ,2017,FALSE,CONS,0,,0,0,.0136474,.000415,.000415,HBS,2005-2021,2017,N
KAZ,2018,FALSE,CONS,.0000396,,0,.0054343,.0072418,.0001514,.000191,HBS,2005-2021,2017,N
KEN,2015,FALSE,CONS,.2252411,.0613641,.5694579,.6896279,.3219463,.293651,.4540192,IHBS,2005-2021,2017,N
KGZ,2010,FALSE,CONS,.0011397,,.0029729,,,.0352142,.0391424,KIHS,2004-2021,2017,N
KGZ,2011,FALSE,CONS,.0011295,,.0135925,,,.0125777,.0272599,KIHS,2004-2021,2017,N
KGZ,2012,FALSE,CONS,.000927,,.1052458,,,.0262981,.11946,KIHS,2004-2021,2017,N
KGZ,2013,FALSE,CONS,.0020814,,.0136594,.0049836,.1067356,.0262,.0282585,KIHS,2004-2021,2017,N
KGZ,2015,FALSE,CONS,.0019758,,.0097996,,,.021806,.0265234,KIHS,2004-2021,2011,N
KGZ,2015,FALSE,CONS,.0019758,,.0097996,,,.021806,.0265234,KIHS,2004-2021,2017,N
KGZ,2016,FALSE,CONS,.0009949,,.0025799,,,.0114351,.0150016,KIHS,2004-2021,2017,N
KGZ,2017,FALSE,CONS,.0006901,,.0002155,.0088432,.1337195,.0126857,.0133759,KIHS,2004-2021,2017,N
KGZ,2018,FALSE,CONS,.0001137,,.0178707,.0010119,.0893767,.0073589,.0074726,KIHS,2004-2021,2017,N
KGZ,2019,FALSE,CONS,.0002138,,.1474126,.0023817,.0775499,.0065906,.008205,KIHS,2004-2021,2017,N
KGZ,2020,FALSE,CONS,.0000812,.0005507,0,.000881,.0464843,.0133097,.0133097,KIHS,2004-2021,2017,N
KGZ,2021,FALSE,CONS,.0000773,.0005823,0,0,.0411575,.0071578,.0071578,KIHS,2004-2021,2017,N
KIR,2019,FALSE,CONS,.0062584,.0596531,.1682027,.5981469,.1712429,.0167808,.0559182,HIES,2019,2017,N
KOR,2010,FALSE,INC,0,,0,0,,.0040788,.0040788,HIES-FHES-LIS,2006-2016,2011,N
KOR,2010,FALSE,INC,0,,0,0,,.0044493,.0044493,HIES-FHES-LIS,2006-2016,2017,N
KOR,2012,FALSE,INC,0,,0,0,,.0033156,.0033156,HIES-FHES-LIS,2006-2016,2017,N
KOR,2012,FALSE,INC,0,,0,0,,.0029684,.0029684,HIES-FHES-LIS,2006-2016,2011,N
KOR,2014,FALSE,INC,0,,0,0,,.0022528,.0022528,HIES-FHES-LIS,2006-2016,2011,N
KOR,2014,FALSE,INC,0,,0,0,,.00259,.00259,HIES-FHES-LIS,2006-2016,2017,N
KOR,2016,FALSE,INC,0,,0,0,,.0014467,.0014467,HIES-FHES-LIS,2006-2016,2017,N
KOR,2016,FALSE,INC,0,,0,0,,.0011402,.0011402,HIES-FHES-LIS,2006-2016,2011,N
LAO,2012,FALSE,CONS,.1343596,.0572856,.2156978,.3193191,.4433973,.109141,.1917977,LECS,2012-2018,2017,N
LAO,2018,FALSE,CONS,.1283676,.0567088,.0453024,.2254918,.0777193,.0713877,.1085284,LECS,2012-2018,2017,N
LBN,2011,FALSE,CONS,.092377,.0225356,.0093982,.307483,.008578,0,.0069435,HBS,2011,2017,N
LBR,2014,FALSE,CONS,.405643,,,.5338683,.1912615,.2593076,.5551485,HIES,2014-2016,2017,N
LBR,2016,FALSE,CONS,.3051133,.5407878,.7968267,.6177976,.2569665,.2761775,.5657111,HIES,2014-2016,2017,N
LCA,2015,FALSE,CONS,.025658,.0111098,.0393538,.072944,.0063898,.0008292,.0041517,SLCHBS,2015,2017,N
LKA,2012,FALSE,CONS,.0443148,.042734,.0878268,.0565008,.1032555,.0258727,.0352387,HIES,2002-2019,2017,N
LKA,2016,FALSE,CONS,.0378061,.0400819,.0246902,.0444853,.1158999,.0129539,.0169382,HIES,2002-2019,2017,N
LKA,2019,FALSE,CONS,.0277641,.0345788,.0005258,.0302117,.0961621,.0095861,.0107352,HIES,2002-2019,2017,N
LSO,2017,FALSE,CONS,.1805826,.0475814,.5870739,.5509645,.1368324,.3239991,.4068196,CMSHBS,2017,2017,N
LTU,2008,FALSE,INC,.0069473,,0,,,.0143063,.0212537,EU-SILC,2004-2021,2017,N
LTU,2009,FALSE,INC,.0071792,,0,,,.0240546,.0312338,EU-SILC,2004-2021,2017,N
LTU,2010,FALSE,INC,.007066,,0,.1674783,.1612846,.01714,.024206,EU-SILC,2004-2021,2017,N
LTU,2011,FALSE,INC,.0061513,,0,.1578981,.1483126,.0086911,.0148424,EU-SILC,2004-2021,2017,N
LTU,2012,FALSE,INC,.0059691,,0,.1357464,.1289349,.0102317,.0162008,EU-SILC,2004-2021,2017,N
LTU,2013,FALSE,INC,.0054674,,0,.1247804,.1196519,.00737,.0128374,EU-SILC,2004-2021,2017,N
LTU,2014,FALSE,INC,.004526,,0,.1234946,.1143261,.0134922,.0180182,EU-SILC,2004-2021,2017,N
LTU,2015,FALSE,INC,.003926,,0,.1365828,.1302381,.0110093,.0149354,EU-SILC,2004-2021,2017,N
LTU,2016,FALSE,INC,.0045097,,0,.1212028,.115116,.0142328,.0187425,EU-SILC,2004-2021,2017,N
LTU,2017,FALSE,INC,.0023842,,0,.1061284,.0994137,.0112637,.013648,EU-SILC,2004-2021,2017,N
LTU,2018,FALSE,INC,.0039989,,0,.0993653,.095062,.0103764,.0143753,EU-SILC,2004-2021,2017,N
LTU,2019,FALSE,INC,.0038531,,0,.0757601,.0716495,.0062216,.0100747,EU-SILC,2004-2021,2017,N
LTU,2020,FALSE,INC,.0018506,,0,,,.0023306,.0041812,EU-SILC,2004-2021,2017,N
LTU,2021,FALSE,INC,.0010751,,0,,,.0029209,.003996,EU-SILC,2004-2021,2017,N
LUX,2008,FALSE,INC,.0016115,,0,.007662,.0020171,.0004695,.002081,EU-SILC,2003-2021,2017,N
LUX,2009,FALSE,INC,.0028719,,0,.0053476,.0032199,.0026697,.0055416,EU-SILC,2003-2021,2017,N
LUX,2010,FALSE,INC,.0028617,,0,.0009341,.0021442,.0018511,.0047127,EU-SILC,2003-2021,2017,N
LUX,2011,FALSE,INC,.0022149,,0,.0068475,.0014876,.0031618,.0053767,EU-SILC,2003-2021,2017,N
LUX,2012,FALSE,INC,.0024591,,0,.0006964,.0025004,.0038665,.0063256,EU-SILC,2003-2021,2017,N
LUX,2013,FALSE,INC,.0063525,,0,.0008439,.0020139,.0059127,.0122652,EU-SILC,2003-2021,2017,N
LUX,2014,FALSE,INC,.0105422,,0,.0002082,.0013213,.0042234,.0147216,EU-SILC,2003-2021,2017,N
LUX,2015,FALSE,INC,.0102417,,0,.0053877,.0109792,.0067781,.0170199,EU-SILC,2003-2021,2017,N
LUX,2016,FALSE,INC,.0112056,,0,.0009507,.0047643,.0048113,.0160169,EU-SILC,2003-2021,2017,N
LUX,2017,FALSE,INC,.0076114,,0,.0001445,.0017458,.0077071,.0150739,EU-SILC,2003-2021,2017,N
LUX,2018,FALSE,INC,.0038928,,0,.0008933,.0029923,.0056019,.0094948,EU-SILC,2003-2021,2017,N
LUX,2019,FALSE,INC,.0052346,,0,.0005243,.001264,.004102,.0092202,EU-SILC,2003-2021,2017,N
LUX,2021,FALSE,INC,.02622,,0,,0,.0031401,.0290891,EU-SILC,2003-2021,2017,N
LVA,2008,FALSE,INC,.002744,,0,,0,.0153258,.0180697,EU-SILC,2004-2021,2017,N
LVA,2009,FALSE,INC,.0024832,,0,,0,.0198107,.0222939,EU-SILC,2004-2021,2017,N
LVA,2010,FALSE,INC,.0024591,,0,.1645858,.1842895,.0202138,.0226728,EU-SILC,2004-2021,2017,N
LVA,2011,FALSE,INC,.0017771,,0,.161424,.1848728,.0137604,.0155375,EU-SILC,2004-2021,2017,N
LVA,2012,FALSE,INC,.0035398,,0,.1508965,.1700418,.0141101,.0176499,EU-SILC,2004-2021,2017,N
LVA,2013,FALSE,INC,.0076931,,0,.1468607,.16145,.014847,.0220486,EU-SILC,2004-2021,2017,N
LVA,2014,FALSE,INC,.0026571,,0,.137648,.1540671,.0105655,.0132225,EU-SILC,2004-2021,2017,N
LVA,2015,FALSE,INC,.0028646,,0,.1281277,.1416557,.0095012,.0123658,EU-SILC,2004-2021,2017,N
LVA,2016,FALSE,INC,.0019264,,0,.1091555,.1220082,.0114958,.0134222,EU-SILC,2004-2021,2017,N
LVA,2017,FALSE,INC,.0012938,,0,.1002579,.1187408,.0107583,.0120521,EU-SILC,2004-2021,2017,N
LVA,2018,FALSE,INC,.0022142,,0,.0878754,.1015717,.0063905,.0086047,EU-SILC,2004-2021,2017,N
LVA,2019,FALSE,INC,.0010483,,0,.079215,.0891257,.0054424,.0064906,EU-SILC,2004-2021,2017,N
LVA,2020,FALSE,INC,.0013754,,0,,0,.0068813,.0082567,EU-SILC,2004-2021,2017,N
LVA,2021,FALSE,INC,.0012775,,0,,0,.0087325,.0100099,EU-SILC,2004-2021,2017,N
MAR,2013,FALSE,CONS,.1268115,.0682234,.0237514,.1292128,.0868324,.0144311,.0584719,ENCDM,2000-2013,2017,N
MDA,2010,FALSE,CONS,.0045572,.0042958,.0007989,.4810457,.3651765,.004104,.0086954,HBS,2006-2021,2017,N
MDA,2017,FALSE,CONS,.0013131,.0035479,.0002006,.2959444,.1867646,0,.0027022,HBS,2006-2021,2017,N
MDA,2018,FALSE,CONS,.0007129,.0038649,.0000972,.2666799,.1723158,0,.0024077,HBS,2006-2021,2017,N
MDA,2019,FALSE,CONS,.0251902,.0050197,.0000838,.2548083,.1685641,.0002865,.0079544,HBS,2006-2021,2017,N
MDA,2021,FALSE,CONS,.001334,.004956,.0001366,.196064,.1358891,0,.0023945,HBS,2006-2021,2017,N
MDG,2012,FALSE,CONS,.4900708,.3465588,.1296065,.7694609,.5992805,.8073006,.8294805,ENSOMD,2001-2012,2017,N
MDV,2016,FALSE,CONS,.0224441,.0152003,0,.0015628,.3600322,0,.0003515,HIES,2016,2017,N
MDV,2019,FALSE,CONS,0,.018714,.0190272,.0482038,.0003332,0,0,HIES,2019,2017,N
MEX,2010,FALSE,INC,.0668289,.035747,.0077718,.1739682,.0544815,.0470436,.0573194,ENIGH,1984-2014,2017,N
MEX,2012,FALSE,INC,.0607751,.0275678,.008116,.1680176,.0740639,.041996,.0527258,ENIGH,1984-2014,2017,N
MEX,2014,FALSE,INC,.0546173,.0247958,.0071661,.150214,.0487963,.0398311,.0457002,ENIGH,1984-2014,2017,N
MEX,2016,FALSE,INC,.0450908,.0235816,.0040775,.1359979,.0465985,.023164,.0293653,ENIGHNS,2016-2022,2017,N
MEX,2018,FALSE,INC,.043246,.0246214,.0038953,.1331731,.0419555,.0187597,.0245479,ENIGHNS,2016-2022,2017,N
MEX,2020,FALSE,INC,.0375682,.0250774,.0022176,.1127551,.0386746,.0213194,.025811,ENIGHNS,2016-2022,2017,N
MEX,2022,FALSE,INC,.03724,.0267205,.0032067,.1067658,.0435398,.0117968,.0174032,ENIGHNS,2016-2022,2017,N
MHL,2019,FALSE,CONS,.0036878,.0670192,.0109534,.2899758,.0173706,.0085434,.010064,HIES,2019,2017,N
MKD,2009,FALSE,INC,.0075415,,0,.1309777,,.0982535,.1040863,SILC-C,2009-2019,2017,N
MKD,2010,FALSE,INC,.008152,,0,,,.104579,.11059,SILC-C,2009-2019,2017,N
MKD,2011,FALSE,INC,.0071078,,0,,,.1016278,.1066885,SILC-C,2009-2019,2017,N
MKD,2012,FALSE,INC,.0066373,,0,,,.0754307,.0800935,SILC-C,2009-2019,2017,N
MKD,2013,FALSE,INC,.0053134,,0,,,.0619394,.0655526,SILC-C,2009-2019,2017,N
MKD,2014,FALSE,INC,.0034527,,0,.0636434,,.0505437,.0534437,SILC-C,2009-2019,2017,N
MKD,2015,FALSE,INC,.0045442,,0,.0664298,,.0558147,.0599427,SILC-C,2009-2019,2017,N
MKD,2016,FALSE,INC,.0043458,,0,.0521919,,.0431636,.046295,SILC-C,2009-2019,2017,N
MKD,2017,FALSE,INC,.003237,,0,.0531151,,.0450079,.0476676,SILC-C,2009-2019,2017,N
MKD,2018,FALSE,INC,.0039417,,0,.0511061,,.0339856,.0371668,SILC-C,2009-2019,2017,N
MKD,2019,FALSE,INC,.0041092,,0,.0453855,,.0280886,.0320513,SILC-C,2009-2019,2017,N
MLI,2018,FALSE,CONS,.6664596,.2817537,.2385211,.5194457,.2380715,.1521881,.4377158,EHCVM,2018-2021,2017,N
MLI,2021,FALSE,CONS,.6390963,.4579253,.1631368,.4835782,.1894571,.2084925,.5130708,EHCVM,2018-2021,2017,N
MLT,2008,FALSE,INC,.0080654,,0,,0,.0012313,.0092967,EU-SILC,2006-2020,2017,N
MLT,2009,FALSE,INC,.0056958,,0,,0,.0066387,.0122765,EU-SILC,2006-2020,2017,N
MLT,2010,FALSE,INC,.005332,,0,.0014072,.0028105,.0034551,.0087871,EU-SILC,2006-2020,2017,N
MLT,2011,FALSE,INC,.0056543,,0,.0009903,.0025899,.0025877,.008242,EU-SILC,2006-2020,2017,N
MLT,2012,FALSE,INC,.0052084,,0,.0016182,.0026796,.001874,.0070824,EU-SILC,2006-2020,2017,N
MLT,2013,FALSE,INC,.0052432,,0,.0009317,.0025909,.0005931,.0058363,EU-SILC,2006-2020,2017,N
MLT,2014,FALSE,INC,.0056174,,0,.0002832,.0016915,.0004119,.0060293,EU-SILC,2006-2020,2017,N
MLT,2015,FALSE,INC,.0046872,,0,.0004437,.0014979,.0010846,.0057718,EU-SILC,2006-2020,2017,N
MLT,2016,FALSE,INC,.00378,,0,.0001384,.0006177,.0014013,.0051813,EU-SILC,2006-2020,2017,N
MLT,2017,FALSE,INC,.0023936,,0,.0013299,.0007642,.0015989,.0039925,EU-SILC,2006-2020,2017,N
MLT,2018,FALSE,INC,.0011919,,0,.0009444,.0005751,.0018374,.0030293,EU-SILC,2006-2020,2017,N
MLT,2019,FALSE,INC,.000734,,0,.0010011,.0003054,.0034974,.0042314,EU-SILC,2006-2020,2017,N
MLT,2020,FALSE,INC,.0004585,,0,,0,.004916,.0053745,EU-SILC,2006-2020,2017,N
MMR,2015,FALSE,CONS,.1274835,.1370282,.3528785,.3774992,.2943327,.06217,.1956483,MPLCS,2015-2017,2017,N
MMR,2017,FALSE,CONS,.1083572,.0680916,.0640606,.2768068,.2060402,.0199116,.0734708,MLCS,2015-2017,2017,N
MNG,2010,FALSE,CONS,.0086768,.0402798,.0202104,,,.0114357,.0312887,HSES,2010-2018,2017,N
MNG,2011,FALSE,CONS,.009095,.0378902,.0080683,,,.0085688,.0172147,HSES,2010-2018,2017,N
MNG,2012,FALSE,CONS,.0083341,.0326462,.0066135,.2668424,.2127001,.0047311,.0205485,HSES,2010-2018,2017,N
MNG,2014,FALSE,CONS,.011201,.0311801,.0029575,.1620712,.1814024,.0032755,.0152366,HSES,2010-2018,2017,N
MNG,2016,FALSE,CONS,.0083235,.0315802,.0030119,.0955499,.1281518,.007065,.0144262,HSES,2010-2018,2017,N
MNG,2018,FALSE,CONS,.008848,.0320012,.0015325,.10399,.1304515,.0071159,.0135549,HSES,2010-2018,2017,N
MNG,2022,FALSE,CONS,.0114059,.0408868,.000701,.437127,.0893531,.0022341,.0112334,HSES,2022,2017,N
MOZ,2014,FALSE,CONS,.5490518,.3326088,.1459507,.712907,.4112416,.6464086,.7370356,IOF,1996-2019,2017,N
MRT,2014,FALSE,CONS,.5426351,.0830651,.5407616,.4929575,.3864105,.0649084,.4565534,EPCV,2000-2019,2017,N
MRT,2019,FALSE,CONS,.5564184,.3390816,.1975605,.5583616,.3766908,.0535467,.4235947,EPCV,2000-2019,2017,N
MUS,2017,FALSE,CONS,.0716031,.0019484,.0023233,,,.0012531,.0035474,HBS,2006-2017,2017,N
MWI,2010,FALSE,CONS,.4771035,.0312257,.0513697,.2642619,.1940761,.684589,.7284774,IHS-III,2004-2019,2017,N
MWI,2016,FALSE,CONS,.5620096,.030803,.0673104,.4813637,.1291214,.6573572,.7281408,IHS-IV,2004-2019,2017,N
MWI,2019,FALSE,CONS,.5432939,.0368635,.887574,.7513766,.114004,.700606,.78252,IHS-V,2004-2019,2017,N
MYS,2015,FALSE,INC,.0066378,.0063152,.0061901,.1318306,.0164966,.0001904,.0021388,HIS,2003-2021,2017,N
MYS,2018,FALSE,INC,.0125739,.0068865,.0004228,.0045811,.0143218,.0001103,.0007571,HIESBA,2003-2021,2017,N
NAM,2015,FALSE,CONS,.1133494,.0607521,.5384216,.6831442,.0923616,.1559039,.2754825,NHIES,2003-2015,2017,N
NER,2018,FALSE,CONS,.7514927,.4264724,.7874317,.8519843,.3753252,.5090594,.7992747,EHCVM,2018-2021,2017,N
NER,2021,FALSE,CONS,.7166513,.4714823,.7431945,.8342799,.336848,.5061381,.7797092,EHCVM,2018-2021,2017,N
NGA,2018,FALSE,CONS,.1760523,.0901891,.3944255,.4514206,.3261273,.308633,.3969845,LSS,2018,2017,N
NIC,2014,FALSE,INC,.1410742,.0805601,.1997528,.4274418,.1249099,.0394103,.1559035,EMNV,2005-2014,2017,N
NLD,2008,FALSE,INC,.0022575,,0,,0,.0046821,.0069397,EU-SILC,2004-2021,2017,N
NLD,2009,FALSE,INC,.0046119,,0,,0,.0055088,.0101206,EU-SILC,2004-2021,2017,N
NLD,2010,FALSE,INC,.0052222,,0,.0001044,.0001372,.0048927,.0101149,EU-SILC,2004-2021,2017,N
NLD,2011,FALSE,INC,.0050447,,0,.0004476,.0006752,.0037628,.0088076,EU-SILC,2004-2021,2017,N
NLD,2012,FALSE,INC,.0044769,,0,0,.0002569,.0035251,.008002,EU-SILC,2004-2021,2017,N
NLD,2013,FALSE,INC,.0057267,,0,.0000675,.0001196,.0054465,.0111732,EU-SILC,2004-2021,2017,N
NLD,2014,FALSE,INC,.0049487,,0,.0004185,.0008971,.0022596,.0072083,EU-SILC,2004-2021,2017,N
NLD,2015,FALSE,INC,.0118503,,0,.0006221,.0011005,.0039378,.0157608,EU-SILC,2004-2021,2017,N
NLD,2016,FALSE,INC,.0118372,,0,.0006974,.0014322,.0040648,.015902,EU-SILC,2004-2021,2017,N
NLD,2017,FALSE,INC,.0108783,,0,.0001215,.0006739,.0051278,.0158827,EU-SILC,2004-2021,2017,N
NLD,2018,FALSE,INC,.0121909,,0,.0004953,.0007702,.0037546,.0159455,EU-SILC,2004-2021,2017,N
NLD,2019,FALSE,INC,.0156067,,0,.0002824,.0009703,.0024026,.0180093,EU-SILC,2004-2021,2017,N
NLD,2020,FALSE,INC,.0165013,,0,,0,.0032756,.0197411,EU-SILC,2004-2021,2017,N
NLD,2021,FALSE,INC,.0154626,,0,,0,.0047754,.0201678,EU-SILC,2004-2021,2017,N
NOR,2008,FALSE,INC,.0197391,,0,.0008085,.0008814,.0032683,.0219482,EU-SILC,2003-2019,2017,N
NOR,2009,FALSE,INC,.0132141,,0,.001911,.0007727,.0015885,.0143899,EU-SILC,2003-2019,2017,N
NOR,2010,FALSE,INC,.0063591,,0,.0025265,.0039602,.0026129,.008806,EU-SILC,2003-2019,2017,N
NOR,2011,FALSE,INC,.0062589,,0,0,.0023897,.0021906,.0082368,EU-SILC,2003-2019,2017,N
NOR,2012,FALSE,INC,.0074618,,0,0,.0040327,.0026895,.0099518,EU-SILC,2003-2019,2017,N
NOR,2013,FALSE,INC,.00784,,0,0,.0021537,.0024083,.0100299,EU-SILC,2003-2019,2017,N
NOR,2014,FALSE,INC,.0117296,,0,0,.0033544,.0019505,.0134963,EU-SILC,2003-2019,2017,N
NOR,2015,FALSE,INC,.0140184,,0,0,.0043731,.0027659,.0166745,EU-SILC,2003-2019,2017,N
NOR,2016,FALSE,INC,.0182321,,0,0,.0042095,.0051135,.0229464,EU-SILC,2003-2019,2017,N
NOR,2017,FALSE,INC,.0210281,,0,0,.0027611,.0044043,.0247435,EU-SILC,2003-2019,2017,N
NOR,2018,FALSE,INC,.021213,,0,0,.0041363,.0046891,.0255706,EU-SILC,2003-2019,2017,N
NOR,2019,FALSE,INC,.0167158,,0,0,.0047585,.0032121,.0196447,EU-SILC,2003-2019,2017,N
NPL,2010,FALSE,CONS,.2856312,.0950575,.3146772,.6672931,.1677795,.082405,.265247,LSS-III,2010,2017,N
NRU,2012,FALSE,CONS,.1079886,.057133,.0023798,.2173172,.0270223,.0167151,.0202052,HIES,2012,2017,N
PAK,2010,FALSE,CONS,.2166447,.3067139,.0836127,.4950083,.1157608,.0938186,.2335225,HIES,2001-2018,2017,N
PAK,2011,FALSE,CONS,.2174312,.3086407,.0893332,.3434588,.0941683,.0958788,.2112023,HIES,2001-2018,2017,N
PAK,2013,FALSE,CONS,.2276655,.3164812,.0812617,.3511046,.0789923,.0736264,.2051193,HIES,2001-2018,2017,N
PAK,2015,FALSE,CONS,.2229415,.3073666,.1009624,.2799529,.0768477,.0511019,.1851994,HIES,2001-2018,2017,N
PAK,2018,FALSE,CONS,.2109263,.2882376,.0932173,.2479985,.0651788,.0493245,.1666799,HIES,2001-2018,2017,N
PAN,2021,FALSE,INC,.0242455,.0161971,.0476483,.0617666,.0448464,.0110826,.0244559,EH,2008-2023,2017,N
PER,2010,FALSE,INC,.0593011,.0163463,.1216305,.1187825,.1770647,.0682377,.1043225,ENAHO,2004-2022,2017,N
PER,2011,FALSE,INC,.0587822,.0147538,.1043564,.1073451,.1776152,.0650402,.0987124,ENAHO,2004-2022,2017,N
PER,2012,FALSE,INC,.0581986,.0124376,.0881706,.1498771,.1346551,.0607855,.092245,ENAHO,2004-2022,2017,N
PER,2013,FALSE,INC,.0563657,.0126596,.077099,.1451427,.1227228,.0539633,.0808221,ENAHO,2004-2022,2017,N
PER,2014,FALSE,INC,.0578787,.0111889,.0675908,.1509225,.0998602,.0482481,.0719579,ENAHO,2004-2022,2017,N
PER,2015,FALSE,INC,.0588594,.0109672,.0583715,.143163,.0975551,.0471855,.0680991,ENAHO,2004-2022,2017,N
PER,2016,FALSE,INC,.0571823,.0096976,.0554983,.1434911,.0823335,.0459618,.0656025,ENAHO,2004-2022,2017,N
PER,2017,FALSE,INC,.0569062,.0066669,.0489248,.1398012,.0798152,.0449706,.0634518,ENAHO,2004-2022,2017,N
PER,2018,FALSE,INC,.056658,.0057338,.0448399,.121195,.0679741,.0356699,.0512128,ENAHO,2004-2022,2017,N
PER,2019,FALSE,INC,.054029,.0079354,.0412701,.120668,.0624999,.0297708,.0455146,ENAHO,2004-2022,2017,N
PER,2020,FALSE,INC,.0477487,.0119162,.0365894,.1147658,.0549806,.0582176,.0698518,ENAHO,2004-2022,2017,N
PER,2021,FALSE,INC,.0536524,.0121012,.0414481,.1215935,.0525649,.0277309,.0412015,ENAHO,2004-2022,2017,N
PER,2022,FALSE,INC,.0506335,.0070348,.0378886,.1299137,.0547198,.0265655,.0399544,ENAHO,2004-2022,2017,N
PHL,2012,FALSE,INC,.050024,.060198,.1142825,.1872547,.113038,.1093892,.1356856,FIES,2003-2021,2017,N
PHL,2015,FALSE,INC,.0448657,.0440049,.090887,.1635287,.0966778,.0649045,.0862019,FIES,2003-2021,2017,N
PHL,2018,FALSE,INC,.0375112,.0435387,.0667635,.079736,.0623045,.0299569,.0442937,FIES,2003-2021,2017,N
PHL,2021,FALSE,INC,.0326049,.0365788,.0377658,.1441139,.0410462,.0299391,.0411231,FIES,2003-2021,2017,N
PNG,2009,FALSE,CONS,.2221606,.0900362,.8210981,.7977661,.5741265,.3968331,.7108198,HIES,2009,2017,N
PRT,2008,FALSE,INC,.0414081,,0,,0,.0013725,.042761,EU-SILC,2003-2021,2017,N
PRT,2009,FALSE,INC,.038186,,0,,0,.001659,.039845,EU-SILC,2003-2021,2017,N
PRT,2010,FALSE,INC,.0393496,,0,.0121863,.0133302,.0013646,.0406711,EU-SILC,2003-2021,2017,N
PRT,2011,FALSE,INC,.0421302,,0,.0094404,.0114735,.0050804,.0472106,EU-SILC,2003-2021,2017,N
PRT,2012,FALSE,INC,.0362575,,0,.0088957,.0113019,.0070321,.0431584,EU-SILC,2003-2021,2017,N
PRT,2013,FALSE,INC,.0357423,,0,.0095461,.0133796,.0085519,.0442505,EU-SILC,2003-2021,2017,N
PRT,2014,FALSE,INC,.0328164,,0,.0101415,.0149289,.0054567,.0382731,EU-SILC,2003-2021,2017,N
PRT,2015,FALSE,INC,.0272755,,0,.0110114,.0132215,.0048239,.0320695,EU-SILC,2003-2021,2017,N
PRT,2016,FALSE,INC,.0259225,,0,.0104337,.0118959,.0037464,.0296562,EU-SILC,2003-2021,2017,N
PRT,2017,FALSE,INC,.0244185,,0,.0076998,.0090506,.004105,.0285156,EU-SILC,2003-2021,2017,N
PRT,2018,FALSE,INC,.0226513,,0,.0065558,.0075508,.0029025,.0255539,EU-SILC,2003-2021,2017,N
PRT,2019,FALSE,INC,.0152526,,0,.0056454,.0059012,.0014872,.0167351,EU-SILC,2003-2021,2017,N
PRT,2020,FALSE,INC,.0146455,,0,,0,.0047229,.0181365,EU-SILC,2003-2021,2017,N
PRT,2021,FALSE,INC,.0134252,,0,,0,.002265,.0156362,EU-SILC,2003-2021,2017,N
PRY,2010,FALSE,INC,.0913386,.0460271,.0254716,.1767767,.1734901,.0545974,.0864722,EPH,2002-2022,2017,N
PRY,2011,FALSE,INC,.079411,.0438982,.0170123,.1066404,.0447675,.0504801,.0597659,EPH,2002-2022,2017,N
PRY,2012,FALSE,INC,.0811509,.0342897,.0159704,.1513794,.0559344,.0333131,.0504607,EPH,2002-2022,2017,N
PRY,2013,FALSE,INC,.0678476,.0275576,.0063736,.1200832,.0375785,.0178793,.0307396,EPH,2002-2022,2017,N
PRY,2014,FALSE,INC,.0777153,.0312814,.0092243,.1095133,.0402371,.0241389,.0390052,EPH,2002-2022,2017,N
PRY,2015,FALSE,INC,.0604555,.0266661,.0048855,.118491,.0317164,.0189134,.0290378,EPH,2002-2022,2017,N
PRY,2016,FALSE,INC,.0678724,.0299643,.0070867,.123872,.0290146,.0169429,.0277548,EPH,2002-2022,2017,N
PRY,2017,FALSE,INC,.0595829,.0229694,.0046368,.1125262,.0240172,.0098144,.0179509,EPH,2002-2022,2017,N
PRY,2018,FALSE,INC,.0631842,.0274569,.0028032,.1625958,.028261,.0140669,.0260835,EPH,2002-2022,2017,N
PRY,2019,FALSE,INC,.0628575,.0193157,.0028786,.1386455,.0211373,.0101151,.0180418,EPH,2002-2022,2017,N
PRY,2020,FALSE,INC,.049144,.0199527,.0028892,.1206302,.0164813,.0081328,.0142141,EPH,2002-2022,2017,N
PRY,2021,FALSE,INC,.0444717,.0199593,.0013481,.1038989,.0110749,.0068918,.0132132,EPH,2002-2022,2017,N
PRY,2022,FALSE,INC,.0443097,.0165613,.0013291,.1003638,.0145238,.0132956,.0175979,EPH,2002-2022,2017,N
PSE,2010,FALSE,CONS,.0376379,.0512407,.0044647,,,.000436,.0070814,PECS,2010-2016,2017,N
PSE,2011,FALSE,CONS,.0322559,.0549165,.0032177,.0137638,.0195455,.0018904,.0047838,PECS,2010-2016,2017,N
PSE,2016,FALSE,CONS,.0117705,.0578972,0,.0011705,.0322433,.0050272,.0062332,PECS,2010-2016,2017,N
RUS,2010,FALSE,CONS,.0001896,.0128639,.0001651,.1053989,.0828444,.0008333,.0025734,HBS,1997-2020,2017,N
RUS,2015,FALSE,CONS,.0020267,.0034894,.0448502,.1372529,.0834096,.0003634,.0345739,HBS,1997-2020,2017,N
RUS,2019,FALSE,CONS,.0032746,.0034481,.0496637,.0789282,.08399,.0003,.046561,HBS,1997-2020,2017,N
RUS,2020,FALSE,CONS,.0090027,.0074955,.0513317,.0773119,.0861574,.0001016,.0501487,HBS,1997-2020,2017,N
RWA,2013,FALSE,CONS,.3754569,.0433512,.8054634,.1502555,.2557774,.5374719,.5877445,EICV-IV,2000-2016,2017,N
RWA,2016,FALSE,CONS,.3694976,.0425897,.6395106,.2812703,.2452093,.520068,.5737091,EICV-V,2000-2016,2017,N
SDN,2014,FALSE,CONS,.4016288,.227155,.4853111,.9287606,.4490198,.1526228,.5254224,NBHS,2014,2017,N
SEN,2011,FALSE,CONS,.411551,.5417682,.4704736,.2870005,.1820792,.4098437,.5658334,ESPS-II,2005-2011,2017,N
SEN,2018,FALSE,CONS,.4196152,.3194275,.2656381,.3735124,.1521519,.0922257,.3230905,EHCVM,2018-2021,2017,N
SEN,2021,FALSE,CONS,.9858099,.0023706,.2938013,.2965851,.1326644,.0992682,.235657,EHCVM,2018-2021,2017,N
SLB,2012,FALSE,CONS,.0752736,.1353753,.5383372,.6596932,.3489007,.2656488,.418904,HIES,2012,2017,N
SLE,2011,FALSE,CONS,.4249294,.0099372,.8769052,.5103362,.3034509,.3869813,.5763521,SLIHS,2003-2018,2017,N
SLE,2018,FALSE,CONS,.2870064,.1865088,.6872665,.8716725,.3379612,.2603524,.540458,SLIHS,2003-2018,2017,N
SLV,2010,FALSE,INC,.3524264,.0748051,.0848849,.1258777,.077741,.0634563,.1296261,EHPM,2000-2022,2017,N
SLV,2011,FALSE,INC,.3347945,.0655623,.0776749,.1222743,.0697346,.0534093,.1123226,EHPM,2000-2022,2017,N
SLV,2012,FALSE,INC,.3139618,.0630857,.0658104,.1142333,.0613497,.0463715,.1003469,EHPM,2000-2022,2017,N
SLV,2013,FALSE,INC,.3003751,.059746,.0484259,.1208811,.0475044,.0362473,.0842868,EHPM,2000-2022,2017,N
SLV,2014,FALSE,INC,.2866713,.0552093,.0448767,.1128061,.0495513,.0344148,.0795701,EHPM,2000-2022,2017,N
SLV,2015,FALSE,INC,.2868221,.0548466,.0424665,.1136168,.0478134,.0230885,.0672486,EHPM,2000-2022,2017,N
SLV,2016,FALSE,INC,.2723031,.0506913,.038358,.1040745,.0444181,.0263298,.0663825,EHPM,2000-2022,2017,N
SLV,2017,FALSE,INC,.2715042,.0485112,.0322137,.103645,.0398724,.021555,.0611907,EHPM,2000-2022,2017,N
SLV,2018,FALSE,INC,.2472417,.0402134,.0260581,.0928709,.0375284,.0184277,.0506216,EHPM,2000-2022,2017,N
SLV,2019,FALSE,INC,.2483785,.0389364,.0207446,.0942459,.0311124,.0140192,.0439375,EHPM,2000-2022,2017,N
SLV,2021,FALSE,INC,.2515551,.0417239,.0167459,.0922317,.0295247,.0358619,.0625319,EHPM,2000-2022,2017,N
SLV,2022,FALSE,INC,.2427649,.0299776,.014629,.1210485,.0262804,.033634,.0554999,EHPM,2000-2022,2017,N
SSD,2016,FALSE,CONS,.3932687,.6219994,,.8811926,.1388889,.6732727,.848859,HFS-W3,2016,2017,N
STP,2017,FALSE,CONS,.1082987,.0430486,.3126609,.6198848,.8825763,.1572355,.3967812,IOF,2017,2017,N
SUR,2022,FALSE,CONS,.0703216,.0087406,.0031552,.0559906,.0242107,.0110431,.0212999,SSLC,2022,2017,N
SVK,2008,FALSE,INC,.0005836,,0,,0,.0047147,.0052983,EU-SILC,2004-2021,2017,N
SVK,2009,FALSE,INC,.0003039,,0,,0,.0049243,.0052282,EU-SILC,2004-2021,2017,N
SVK,2010,FALSE,INC,.0011058,,0,.0141208,.0034066,.0049511,.0060568,EU-SILC,2004-2021,2017,N
SVK,2011,FALSE,INC,.0016239,,0,.0110282,.0032759,.0048671,.006491,EU-SILC,2004-2021,2017,N
SVK,2012,FALSE,INC,.0011734,,0,.0061395,.0026937,.0040093,.0051827,EU-SILC,2004-2021,2017,N
SVK,2013,FALSE,INC,.0000629,,0,.0128581,.0065229,.0047552,.004818,EU-SILC,2004-2021,2017,N
SVK,2014,FALSE,INC,0,,0,.0142398,.0075806,.0067545,.0067545,EU-SILC,2004-2021,2017,N
SVK,2015,FALSE,INC,0,,0,.0142071,.0078116,.0091016,.0091016,EU-SILC,2004-2021,2017,N
SVK,2016,FALSE,INC,0,,0,.015183,.009192,.0154842,.0154842,EU-SILC,2004-2021,2017,N
SVK,2017,FALSE,INC,0,,0,.0162614,.01076,.0028434,.0028434,EU-SILC,2004-2021,2017,N
SVK,2018,FALSE,INC,0,,0,.0176784,.0136465,.0020856,.0020856,EU-SILC,2004-2021,2017,N
SVK,2019,FALSE,INC,.0000294,,0,.009618,.0074023,.0012903,.0013197,EU-SILC,2004-2021,2017,N
SVK,2020,FALSE,INC,.0000827,,0,,0,.0022179,.0023006,EU-SILC,2004-2021,2017,N
SVK,2021,FALSE,INC,.0000235,,0,,0,.0010947,.0011181,EU-SILC,2004-2021,2017,N
SVN,2008,FALSE,INC,.0016496,,0,,0,.0000529,.0017024,EU-SILC,2004-2021,2017,N
SVN,2009,FALSE,INC,.0013683,,0,,0,.0001364,.0015048,EU-SILC,2004-2021,2017,N
SVN,2010,FALSE,INC,.0008587,,0,.0046217,.0061253,.0001268,.0009854,EU-SILC,2004-2021,2017,N
SVN,2011,FALSE,INC,.0009715,,0,.0042052,.0054666,0,.0009715,EU-SILC,2004-2021,2017,N
SVN,2012,FALSE,INC,.0008175,,0,.0045602,.0061241,.0002625,.00108,EU-SILC,2004-2021,2017,N
SVN,2013,FALSE,INC,0,,0,.0055644,.0069614,.0002176,.0002176,EU-SILC,2004-2021,2017,N
SVN,2014,FALSE,INC,0,,0,.0032617,.0048844,0,0,EU-SILC,2004-2021,2017,N
SVN,2015,FALSE,INC,0,,0,.0034851,.0039539,.0000485,.0000485,EU-SILC,2004-2021,2017,N
SVN,2016,FALSE,INC,0,,0,.0021021,.0025854,0,0,EU-SILC,2004-2021,2017,N
SVN,2017,FALSE,INC,0,,0,.0015771,.0018724,0,0,EU-SILC,2004-2021,2017,N
SVN,2018,FALSE,INC,0,,0,.0008533,.0011689,0,0,EU-SILC,2004-2021,2017,N
SVN,2019,FALSE,INC,0,,0,.0014461,.0014585,0,0,EU-SILC,2004-2021,2017,N
SVN,2020,FALSE,INC,0,,0,,0,0,0,EU-SILC,2004-2021,2017,N
SVN,2021,FALSE,INC,0,,0,,0,0,0,EU-SILC,2004-2021,2017,N
SWE,2008,FALSE,INC,.0059948,,0,0,.0061098,.0084458,.0134008,EU-SILC,2003-2021,2017,N
SWE,2009,FALSE,INC,.0059427,,0,0,.0064334,.0079519,.0135,EU-SILC,2003-2021,2017,N
SWE,2010,FALSE,INC,.0044438,,0,0,.0057312,.0084758,.0129196,EU-SILC,2003-2021,2017,N
SWE,2011,FALSE,INC,.004606,,0,0,.0051027,.0085726,.0125125,EU-SILC,2003-2021,2017,N
SWE,2012,FALSE,INC,.0082032,,0,0,.0059937,.0077193,.0145267,EU-SILC,2003-2021,2017,N
SWE,2013,FALSE,INC,.0089085,,0,0,.0053314,.0086338,.0165871,EU-SILC,2003-2021,2017,N
SWE,2014,FALSE,INC,.0064969,,0,0,.0069515,.0068562,.0130614,EU-SILC,2003-2021,2017,N
SWE,2015,FALSE,INC,.007157,,0,0,.001179,.0078465,.0140648,EU-SILC,2003-2021,2017,N
SWE,2016,FALSE,INC,.01069,,0,.0001277,.0003475,.0049422,.0147934,EU-SILC,2003-2021,2017,N
SWE,2017,FALSE,INC,.0094431,,0,0,.0007111,.0056409,.0133076,EU-SILC,2003-2021,2017,N
SWE,2018,FALSE,INC,.0107564,,0,0,.0008378,.0097715,.0192315,EU-SILC,2003-2021,2017,N
SWE,2019,FALSE,INC,.0195362,,0,0,.0007214,.0057905,.0248144,EU-SILC,2003-2021,2017,N
SWE,2020,FALSE,INC,.0186975,,0,,0,.0060312,.0238066,EU-SILC,2003-2021,2017,N
SWE,2021,FALSE,INC,.0109742,,0,,0,.0108898,.019476,EU-SILC,2003-2021,2017,N
SWZ,2016,FALSE,CONS,.1066905,.0033145,.3571736,.4645199,.2793961,.3605918,.4084812,HIES,2000-2016,2017,N
SYC,2013,FALSE,INC,.0056388,,.0135411,,.2505514,.0123606,.0205677,HBS,2013-2018,2017,N
SYC,2018,FALSE,INC,.0037025,,0,.0018694,.0547239,.00511,.0088126,HBS,2013-2018,2017,N
TCD,2011,FALSE,CONS,.6785707,.058661,.9725084,.9268437,.5604858,.3661673,.856784,ECOSIT-III,2003-2011,2017,N
TCD,2018,FALSE,CONS,.6903195,.3491346,.8997619,.8695077,.3481618,.3088294,.7925816,EHCVM,2018-2022,2017,N
TGO,2015,FALSE,CONS,.2657441,.160005,,.6041561,.406291,.5469216,.6683564,QUIBB,2006-2015,2017,N
TGO,2018,FALSE,CONS,.32717,.1401685,.4741578,.8362909,.2530978,.284348,.4653467,EHCVM,2018-2021,2017,N
TGO,2021,FALSE,CONS,.3724105,.453667,.3210323,.7756074,.2368209,.2659183,.4865454,EHCVM,2018-2021,2017,N
THA,2009,FALSE,CONS,.1492917,.0098597,.0104461,,,.0024473,.0151499,SES,2000-2013,2017,N
THA,2012,FALSE,CONS,.1435884,.0072493,.0145459,.0034041,.0071087,.0011532,.0036755,SES,2000-2013,2017,N
THA,2015,FALSE,CONS,.1540179,.0064882,.0012183,,,.0004654,.0031081,SES,2014-2021,2017,N
THA,2016,FALSE,CONS,.1454531,.0063039,.0011933,.0034993,.0106375,.0003615,.0018718,SES,2014-2021,2017,N
THA,2017,FALSE,CONS,.1481403,.0059656,.0008342,.0023244,.0094344,.0003713,.0014304,SES,2014-2021,2017,N
THA,2018,FALSE,CONS,.1471062,.0055734,.0013113,.002151,.0082002,.0003213,.0018297,SES,2014-2021,2017,N
THA,2019,FALSE,CONS,.1504039,.0050669,.000987,.0016627,.0094047,.0009504,.0022028,SES,2014-2021,2017,N
THA,2020,FALSE,CONS,.134231,.0050333,.0008894,.0021513,.0046889,.0004667,.0016103,SES,2014-2021,2017,N
THA,2021,FALSE,CONS,.1264191,.0049132,.0008667,.0018765,.0042912,.0001397,.0011249,SES,2014-2021,2017,N
TJK,2015,FALSE,CONS,.0030958,.2681427,.0202712,.0351227,.3942177,.0611453,.0702416,HSITAFIEN,1999-2015,2017,N
TLS,2014,FALSE,CONS,.2241992,.1836517,.2719739,.3957135,.2209706,.2444308,.3661059,TLSLS,2001-2014,2017,N
TON,2015,FALSE,CONS,.0108134,.0130036,.0305436,.062788,.0009386,.0179102,.0182862,HIES,2009-2015,2017,N
TON,2021,FALSE,CONS,.0012448,.0176319,.000254,.0610089,.0005194,.0001922,.0001922,HIES,2021,2017,N
TUN,2010,FALSE,CONS,.2254629,.0304773,.0052874,.1133593,.0547694,.0149602,.04113,NSHBCSL,2005-2021,2017,N
TUN,2015,FALSE,CONS,.2022307,.0213831,.0015149,.0653503,.0213049,.0014007,.0151974,NSHBCSL,2005-2021,2017,N
TUN,2021,FALSE,CONS,.0650185,.0130704,.0018803,.0061329,.0160665,.0025495,.004113,NSHBCSL,2005-2021,2017,N
TUR,2017,FALSE,INC,.0374217,0,0,.0512421,.0076873,.0030056,.0041395,SILC-C,2017-2021,2017,N
TUR,2018,FALSE,INC,.0359699,0,0,.0453419,.0064025,.0035439,.0042516,SILC-C,2017-2021,2017,N
TUR,2019,FALSE,INC,.0352013,0,0,.0413213,.0051091,.0045154,.0053787,SILC-C,2017-2021,2017,N
TUR,2020,FALSE,INC,.0356286,0,0,.036564,.0041028,.004709,.0052242,SILC-C,2017-2021,2017,N
TUR,2021,FALSE,INC,.0328578,0,0,.0301959,.0031049,.0044286,.0047308,SILC-C,2017-2021,2017,N
TUV,2010,FALSE,CONS,.0454292,.0609304,.0919866,.1154173,.0235672,.0362535,.043096,HIES,2010,2017,N
TWN,2010,FALSE,INC,.0130223,.0161619,0,0,,.0010469,.0010469,FIDES-LIS,1981-2021,2017,N
TWN,2010,FALSE,INC,.0130223,.0161619,0,0,,.0010469,.0010469,FIDES-LIS,1981-2021,2011,N
TWN,2013,FALSE,INC,.0105017,.014559,0,0,,.0009407,.0009407,FIDES-LIS,1981-2021,2011,N
TWN,2013,FALSE,INC,.0105017,.014559,0,0,,.0011127,.0011127,FIDES-LIS,1981-2021,2017,N
TWN,2016,FALSE,INC,.0091845,.011605,0,0,,.0005323,.0005323,FIDES-LIS,1981-2021,2017,N
TWN,2016,FALSE,INC,.0091845,.011605,0,0,,.0004266,.0004266,FIDES-LIS,1981-2021,2011,N
TWN,2017,FALSE,INC,.0079499,.0127788,0,0,,.0002504,.0002504,FIDES-LIS,1981-2021,2017,N
TWN,2018,FALSE,INC,.0084593,.0161636,0,0,,.0004818,.0004818,FIDES-LIS,1981-2021,2017,N
TWN,2019,FALSE,INC,.0082328,.0106628,0,0,,.0006576,.0006576,FIDES-LIS,1981-2021,2017,N
TWN,2020,FALSE,INC,.0088364,.0138717,0,0,,.0009303,.0009303,FIDES-LIS,1981-2021,2017,N
TWN,2021,FALSE,INC,.0077066,.01157,0,0,,.0003475,.0003475,FIDES-LIS,1981-2021,2017,N
TZA,2011,FALSE,CONS,.6060531,.2646731,.8427652,.4078855,.3177025,.4465546,.6534328,HBS,2000-2018,2017,N
TZA,2018,FALSE,CONS,.1324461,.1946337,.4430355,.7154741,.2924406,.449422,.5458968,HBS,2000-2018,2017,N
UGA,2012,FALSE,CONS,.479139,.1847681,.9111989,.7205899,.2597275,.3754404,.6570488,UNHS,2002-2019,2017,N
UGA,2016,FALSE,CONS,.348024,.1400962,.6123356,.7756765,.2291242,.4286157,.5799206,UNHS,2002-2019,2017,N
UGA,2019,FALSE,CONS,.3135565,.1176077,.4134578,.7114756,.2365418,.4211563,.5218017,UNHS,2002-2019,2017,N
UKR,2019,FALSE,CONS,.0136013,,0,.1527665,0,0,.0136013,HLCS,2002-2020,2017,N
UKR,2020,FALSE,CONS,.0164555,,0,.1241394,0,.0002883,.0167437,HLCS,2002-2020,2017,N
URY,2010,FALSE,INC,.0438817,.0189224,.0068243,.0405926,.0083774,.0016912,.0035267,ECH,2006-2019,2017,N
URY,2011,FALSE,INC,.0350551,.0178515,.0075115,.0411549,.0105134,.0013942,.0034433,ECH,2006-2019,2017,N
URY,2012,FALSE,INC,.0311904,.0136764,.0035515,.0334144,.0075012,.0016939,.0028068,ECH,2006-2019,2017,N
URY,2013,FALSE,INC,.0302161,.0135647,.0026825,.0337158,.0050124,.0017425,.0028942,ECH,2006-2019,2017,N
URY,2014,FALSE,INC,.0304097,.012477,.0025072,.0328426,.0049846,.0015346,.0023254,ECH,2006-2019,2017,N
URY,2015,FALSE,INC,.0275202,.010835,.002047,.0307394,.004926,.0014977,.0021765,ECH,2006-2019,2017,N
URY,2016,FALSE,INC,.0252253,.0099069,.002152,.0265403,.0047712,.0009227,.0013949,ECH,2006-2019,2017,N
URY,2017,FALSE,INC,.0240563,.0081748,.0017066,.0253449,.0048613,.0006635,.0011694,ECH,2006-2019,2017,N
URY,2018,FALSE,INC,.0219766,.0071498,.0013791,.022407,.0039095,.0005585,.0009316,ECH,2006-2019,2017,N
URY,2019,FALSE,INC,.0199035,.007126,.0013579,.0240182,.0047442,.0010207,.0011956,ECH,2006-2019,2017,N
URY,2021,FALSE,INC,.0185526,.0048204,.0002871,.0195398,.0059386,.0011215,.0014815,ECH-S2,2021,2017,N
URY,2022,FALSE,INC,.0150317,.0025793,.0004271,.0177517,.0034884,.0015518,.0016137,ECH,2022,2017,N
USA,2010,FALSE,INC,.0032352,,0,0,,.0104313,.0135405,CPS-ASEC-LIS,2002-2021,2011,N
USA,2010,FALSE,INC,.0032352,,0,0,,.0106053,.0137145,CPS-ASEC-LIS,2002-2021,2017,N
USA,2011,FALSE,INC,.0027743,,0,0,,.0098304,.0124693,CPS-ASEC-LIS,2002-2021,2011,N
USA,2011,FALSE,INC,.0027743,,0,0,,.0099489,.0125877,CPS-ASEC-LIS,2002-2021,2017,N
USA,2012,FALSE,INC,.0029832,,0,0,,.0103132,.013125,CPS-ASEC-LIS,2002-2021,2011,N
USA,2012,FALSE,INC,.0029832,,0,0,,.0103676,.0131793,CPS-ASEC-LIS,2002-2021,2017,N
USA,2013,FALSE,INC,.0030226,,0,0,,.0098458,.0126875,CPS-ASEC-LIS,2002-2021,2017,N
USA,2013,FALSE,INC,.0030226,,0,0,,.0097848,.0126265,CPS-ASEC-LIS,2002-2021,2011,N
USA,2014,FALSE,INC,.0029401,,0,0,,.0122587,.0150324,CPS-ASEC-LIS,2002-2021,2011,N
USA,2014,FALSE,INC,.0029401,,0,0,,.0123843,.015158,CPS-ASEC-LIS,2002-2021,2017,N
USA,2015,FALSE,INC,.0025651,,0,0,,.0112163,.0137252,CPS-ASEC-LIS,2002-2021,2011,N
USA,2015,FALSE,INC,.0025651,,0,0,,.0112714,.0137766,CPS-ASEC-LIS,2002-2021,2017,N
USA,2016,FALSE,INC,.0022216,,0,0,,.0108695,.013017,CPS-ASEC-LIS,2002-2021,2011,N
USA,2016,FALSE,INC,.0022216,,0,0,,.0109452,.0130927,CPS-ASEC-LIS,2002-2021,2017,N
USA,2017,FALSE,INC,.002043,,0,0,,.0119985,.0139055,CPS-ASEC-LIS,2002-2021,2011,N
USA,2017,FALSE,INC,.002043,,0,0,,.0120735,.0139805,CPS-ASEC-LIS,2002-2021,2017,N
USA,2018,FALSE,INC,.0019445,,0,0,,.0103598,.012258,CPS-ASEC-LIS,2002-2021,2011,N
USA,2018,FALSE,INC,.0019445,,0,0,,.0104363,.0123344,CPS-ASEC-LIS,2002-2021,2017,N
USA,2019,FALSE,INC,.0019081,,0,0,,.0093932,.0112207,CPS-ASEC-LIS,2002-2021,2011,N
USA,2019,FALSE,INC,.0019081,,0,0,,.009505,.0113325,CPS-ASEC-LIS,2002-2021,2017,N
USA,2020,FALSE,INC,.001758,,0,0,,.003243,.0049651,CPS-ASEC-LIS,2002-2021,2011,N
USA,2020,FALSE,INC,.001758,,0,0,,.0032698,.0049918,CPS-ASEC-LIS,2002-2021,2017,N
USA,2021,FALSE,INC,.0025631,,0,0,,.0031445,.0056553,CPS-ASEC-LIS,2002-2021,2011,N
USA,2021,FALSE,INC,.0025631,,0,0,,.0031445,.0056553,CPS-ASEC-LIS,2002-2021,2017,N
UZB,2022,FALSE,CONS,0,,.0012747,.2178688,.1069369,.0225309,.0225309,HBS,2022,2017,N
VNM,2010,FALSE,CONS,.0666703,.0363612,.0186713,.3081959,.0997115,.0287048,.0529542,VHLSS,2010-2022,2017,N
VNM,2012,FALSE,CONS,.0664161,.0204301,.0160264,.2758043,.087349,.0166016,.038797,VHLSS,2010-2022,2017,N
VNM,2014,FALSE,CONS,.0570465,.0210205,.0089311,.196291,.0708649,.0191205,.0332674,VHLSS,2010-2022,2017,N
VNM,2016,FALSE,CONS,.0521842,.0174367,.0080438,.172443,.0735504,.0126348,.0253193,VHLSS,2010-2022,2017,N
VNM,2018,FALSE,CONS,.046151,.0174344,.0040388,.1108118,.0472368,.0123144,.0199689,VHLSS,2010-2022,2017,N
VNM,2020,FALSE,CONS,.038159,.016538,.0027499,.0691395,.0265078,.0065378,.0116467,VHLSS,2010-2022,2017,N
VNM,2022,FALSE,CONS,.0338482,.0184141,.0007973,.041329,.0196813,.0096379,.0126618,VHLSS,2010-2022,2017,N
VUT,2010,FALSE,CONS,.1801496,.1464146,.5479159,.2136546,.1267042,.1465042,.2466133,HIES,2010,2017,N
VUT,2019,FALSE,CONS,.2572308,.1340428,.2699417,.4297009,.1181361,.0996333,.1989217,NSDP,2019,2017,N
WSM,2013,FALSE,CONS,.0063237,.1283967,.0201574,.0088305,.0046082,.0115023,.0138273,HIES,2002-2013,2017,N
XKX,2010,FALSE,CONS,.0032408,,.0106727,.1586147,.039338,.0289436,.0419422,HBS,2003-2011,2017,N
XKX,2016,FALSE,CONS,.0025984,.2157099,.001113,,,.007647,.0096577,HBS,2012-2017,2017,N
XKX,2017,FALSE,CONS,.0052471,.2362796,.0019056,.0143715,.0073812,.0044024,.0075093,HBS,2012-2017,2017,N
YEM,2014,FALSE,CONS,.1595056,.4450046,.338913,.4120591,.1401668,.1980276,.3541183,HBS,2005-2014,2017,N
ZAF,2014,FALSE,CONS,.0226344,.0233869,.0409385,.3517148,.1036116,.2050129,.2171048,LCS,2005-2014,2017,N
ZMB,2015,FALSE,CONS,.2437467,.303689,.6921385,.5997659,.343688,.607931,.6640339,LCMS-VII,2010-2022,2017,N
ZMB,2022,FALSE,CONS,.1626782,.2339835,.4513515,.3111347,.2684925,.6434197,.6579831,LCMS-VIII,2010-2022,2017,N
ZWE,2017,FALSE,CONS,.0689323,.0310065,.3706222,.6763706,.2240536,.3440915,.3989789,PICES,2011-2019,2017,N
ZWE,2019,FALSE,CONS,.0092701,.0598423,.3799479,.3828523,.1926015,.3975453,.4239793,PICES,2011-2019,2017,N
